course_code,course_name,role,seed_reason,subject,department,pid,id,catalog_url
ASTR150,Concepts in Modern Astronomy,prerequisite,,ASTR,Department of Physics and Astronomy,HySJ0P67N,5c4fedddbb9b5e240081086d,https://www.uvic.ca/calendar/undergrad/index.php#/courses/HySJ0P67N
ASTR250,Introduction to Astrophysics,prerequisite,,ASTR,Department of Physics and Astronomy,BJDJ0D6Q4,66d2281c74171541059724aa,https://www.uvic.ca/calendar/undergrad/index.php#/courses/BJDJ0D6Q4
ASTR329,Introduction to Observational Astronomy,computing,keyword match: data analysis,ASTR,Department of Physics and Astronomy,SJgFJCvTQ4,5c4fede17ec31124000ce4b3,https://www.uvic.ca/calendar/undergrad/index.php#/courses/SJgFJCvTQ4
ATWP110,Academic Reading and Writing Support and Development,prerequisite,,ATWP,Academic and Technical Writing Program,HyHqCWran,68a35f14ef7b39ac5c733b8e,https://www.uvic.ca/calendar/undergrad/index.php#/courses/HyHqCWran
ATWP135,Academic Reading and Writing,prerequisite,,ATWP,Academic and Technical Writing Program,HJsvjl1TB,64e7b6f87c6606787bfdbca5,https://www.uvic.ca/calendar/undergrad/index.php#/courses/HJsvjl1TB
BCMB301A,Lab Techniques & Projects I,computing,keyword match: bioinformatics,BCMB,Department of Biochemistry and Microbiology,BJ--AwaQ4,5d1f702ad2bc1524008cb1ac,https://www.uvic.ca/calendar/undergrad/index.php#/courses/BJ--AwaQ4
BEM310,Digital Health,computing,"keyword match: data analytics, digital health",BEM,Department of Mechanical Engineering,SkCFeGj81e,677d9085dc2f463b08a56844,https://www.uvic.ca/calendar/undergrad/index.php#/courses/SkCFeGj81e
BEM412,Health Data Analytics,computing,"keyword match: computational, data analytics, data mining, machine learning, +1 more",BEM,Department of Mechanical Engineering,HJADFMoI1l,677d996581a472364390d22a,https://www.uvic.ca/calendar/undergrad/index.php#/courses/HJADFMoI1l
BEM415,Internet of Medical Things (IoMT),computing,keyword match: internet of things,BEM,Department of Mechanical Engineering,ry4khfoLyx,677d9bdc7d5b5d304484a824,https://www.uvic.ca/calendar/undergrad/index.php#/courses/ry4khfoLyx
BEM418,Clinical Trials and Research Methodologies,computing,keyword match: data analysis,BEM,Department of Mechanical Engineering,SyHz17jI1e,677d9f0cdc2f463b08a66bae,https://www.uvic.ca/calendar/undergrad/index.php#/courses/SyHz17jI1e
BEM430,Project Management Biomedical Devices and Digital Health,computing,keyword match: digital health,BEM,Department of Mechanical Engineering,H1ZnnfjUJe,677d9ca940d36eb000c361d3,https://www.uvic.ca/calendar/undergrad/index.php#/courses/H1ZnnfjUJe
BIOC299,Biochemistry for Non-Majors,prerequisite,,BIOC,Department of Biochemistry and Microbiology,Hk6-APpQE,5d1f70aa94e82e2400a23628,https://www.uvic.ca/calendar/undergrad/index.php#/courses/Hk6-APpQE
BIOC300A,General Biochemistry I,prerequisite,,BIOC,Department of Biochemistry and Microbiology,rJCZAvpQN,5d1f6e32d2bc1524008cb046,https://www.uvic.ca/calendar/undergrad/index.php#/courses/rJCZAvpQN
BIOC300B,General Biochemistry II,prerequisite,,BIOC,Department of Biochemistry and Microbiology,r10WCPpmV,5d1f7523d2bc1524008cb555,https://www.uvic.ca/calendar/undergrad/index.php#/courses/r10WCPpmV
BIOL150A,Modern Biology,prerequisite,,BIOL,Department of Biology,SkE7RwpQ4,5d1f70b689944f24002ad470,https://www.uvic.ca/calendar/undergrad/index.php#/courses/SkE7RwpQ4
BIOL150B,Modern Biology,prerequisite,,BIOL,Department of Biology,Syl4QAvp7N,5d1f6ae0fb68f3240022cebb,https://www.uvic.ca/calendar/undergrad/index.php#/courses/Syl4QAvp7N
BIOL184,Evolution and Biodiversity,prerequisite,,BIOL,Department of Biology,S1SXRvT74,613eb4dde872572b8c59a5ae,https://www.uvic.ca/calendar/undergrad/index.php#/courses/S1SXRvT74
BIOL186,Physiology and Cell Biology,prerequisite,,BIOL,Department of Biology,B1UmRDp7V,613ebd3f73306fb87583ddc9,https://www.uvic.ca/calendar/undergrad/index.php#/courses/B1UmRDp7V
BIOL215,Principles of Ecology,prerequisite,,BIOL,Department of Biology,BkKQAv6X4,5d1f6ea3d2bc1524008cb091,https://www.uvic.ca/calendar/undergrad/index.php#/courses/BkKQAv6X4
BIOL225,Principles of Cell Biology,prerequisite,,BIOL,Department of Biology,SJxFXRvTXE,5d1f70c9fb68f3240022d32c,https://www.uvic.ca/calendar/undergrad/index.php#/courses/SJxFXRvTXE
BIOL230,Principles of Genetics,prerequisite,,BIOL,Department of Biology,HJqQAwTX4,5d1f6f68fb68f3240022d231,https://www.uvic.ca/calendar/undergrad/index.php#/courses/HJqQAwTX4
BIOL330,Study Design and Data Analysis,computing,keyword match: data analysis,BIOL,Department of Biology,HkdEADp7N,61c9478d5cba7e826212eaef,https://www.uvic.ca/calendar/undergrad/index.php#/courses/HkdEADp7N
BIOL360,Cell Biology,prerequisite,,BIOL,Department of Biology,B1ZS0vpQN,5d1f6fb1d2bc1524008cb142,https://www.uvic.ca/calendar/undergrad/index.php#/courses/B1ZS0vpQN
BIOL361,Molecular Genetics and Genomics,prerequisite,,BIOL,Department of Biology,HyeZSRDaQE,5d1f6fb8d2bc1524008cb14a,https://www.uvic.ca/calendar/undergrad/index.php#/courses/HyeZSRDaQE
BIOL365,Animal Physiology,prerequisite,,BIOL,Department of Biology,B1MrRPa74,5d1f6f6689944f24002ad368,https://www.uvic.ca/calendar/undergrad/index.php#/courses/B1MrRPa74
BIOL367,Neurobiology: Molecules to Behaviour,prerequisite,,BIOL,Department of Biology,BJQr0vpm4,5d826bdca534d924002f043f,https://www.uvic.ca/calendar/undergrad/index.php#/courses/BJQr0vpm4
BIOL404,Sensory Biology,computing,keyword match: coding,BIOL,Department of Biology,SyIrAvpQ4,61ca320ae78e34f519e02243,https://www.uvic.ca/calendar/undergrad/index.php#/courses/SyIrAvpQ4
BIOL462,Community and Ecosystem,computing,keyword match: programming,BIOL,Department of Biology,SJwvCPaQE,5d1f6a2489944f24002acf26,https://www.uvic.ca/calendar/undergrad/index.php#/courses/SJwvCPaQE
BIOL469,Introduction to Computational Genomics,computing,"keyword match: bioinformatics, computational, programming",BIOL,Department of Biology,S1p4f2Ivel,68893234c4dc63ea26b9e1c2,https://www.uvic.ca/calendar/undergrad/index.php#/courses/S1p4f2Ivel
BME200,Molecular and Cellular Physiology for Engineers,prerequisite,,BME,Biomedical Engineering,HyCt0wpmE,5cbdf49467a5c324003b0b6a,https://www.uvic.ca/calendar/undergrad/index.php#/courses/HyCt0wpmE
BME201,Quantitative Human Physiology,prerequisite,,BME,Biomedical Engineering,BJk9CD6m4,5cbdf49604ce072400155e6d,https://www.uvic.ca/calendar/undergrad/index.php#/courses/BJk9CD6m4
BME320,Engineering Materials with BME applications,prerequisite,,BME,Biomedical Engineering,HJy9CvaXE,5d92392b2a7b69240048f635,https://www.uvic.ca/calendar/undergrad/index.php#/courses/HJy9CvaXE
BME335,Biosensors and Instrumentation,computing,keyword match: signal processing,BME,Biomedical Engineering,BJkcADaXN,669983eb67ca2b55c3b5295f,https://www.uvic.ca/calendar/undergrad/index.php#/courses/BJkcADaXN
BME350,Biomedical Engineering Design,computing,keyword match: graphics,BME,Biomedical Engineering,SJg9Av6m4,5cbdf49867a5c324003b0b6c,https://www.uvic.ca/calendar/undergrad/index.php#/courses/SJg9Av6m4
BME403,Medical Image Processing,computing,"keyword match: computer-aided work, image processing, visualization",BME,Biomedical Engineering,B1f9CPTX4,5e2b4b9a05b8c125006a6f94,https://www.uvic.ca/calendar/undergrad/index.php#/courses/B1f9CPTX4
BME448,Introduction to Musculoskeletal Biomechanics,computing,"keyword match: computational, computer-assisted work",BME,Biomedical Engineering,SJJCn21dB,66b54e8c3436c329ce3befa3,https://www.uvic.ca/calendar/undergrad/index.php#/courses/SJJCn21dB
CHEM091,Introduction to Chemistry,prerequisite,,CHEM,Department of Chemistry,Hk0p0w6XV,5e50238ed48ad3250088989f,https://www.uvic.ca/calendar/undergrad/index.php#/courses/Hk0p0w6XV
CHEM101,Fundamentals of Chemistry from Atoms to Materials,prerequisite,,CHEM,Department of Chemistry,r1e06RP6XN,5d781350a50c3624007f55c8,https://www.uvic.ca/calendar/undergrad/index.php#/courses/r1e06RP6XN
CHEM102,Chemical Reactivity Fundamentals with Environmental Applications,prerequisite,,CHEM,Department of Chemistry,r11A0D6XN,5f6e45ab4272fc00267b50df,https://www.uvic.ca/calendar/undergrad/index.php#/courses/r11A0D6XN
CHEM150,Engineering Chemistry,prerequisite,,CHEM,Department of Chemistry,BybRRv6XV,5d1f6e3494e82e2400a23437,https://www.uvic.ca/calendar/undergrad/index.php#/courses/BybRRv6XV
CHEM212,Introduction to Quantitative Analysis,computing,keyword match: data analysis,CHEM,Department of Chemistry,Syz0CvTmE,5d1f73d0fb68f3240022d561,https://www.uvic.ca/calendar/undergrad/index.php#/courses/Syz0CvTmE
CHEM231,Introduction to Organic Chemistry,prerequisite,,CHEM,Department of Chemistry,HkVACvpXV,5d1f6e3689944f24002ad28a,https://www.uvic.ca/calendar/undergrad/index.php#/courses/HkVACvpXV
CHEM234,Organic Chemistry with Biological Applications,prerequisite,,CHEM,Department of Chemistry,HJWiWKp7N,5e1f680100547c25005dc721,https://www.uvic.ca/calendar/undergrad/index.php#/courses/HJWiWKp7N
CHEM245,Introduction to Thermodynamics,computing,keyword match: numerical methods,CHEM,Department of Chemistry,rJrRRvTQV,5d1f753794e82e2400a2394d,https://www.uvic.ca/calendar/undergrad/index.php#/courses/rJrRRvTQV
CHEM347,Quantum Chemistry,prerequisite,,CHEM,Department of Chemistry,rJM1k_TXN,5d1f774c94e82e2400a23abc,https://www.uvic.ca/calendar/undergrad/index.php#/courses/rJM1k_TXN
CHEM477,Computational Chemistry,computing,keyword match: computational,CHEM,Department of Chemistry,SyEoWKpXV,5d1f6d49fb68f3240022d083,https://www.uvic.ca/calendar/undergrad/index.php#/courses/SyEoWKpXV
CIVE200,Engineering Drawing,computing,keyword match: computer-aided work,CIVE,Department of Civil Engineering,ByeIm1_a74,67acdc3ef95e9ddc8010fd1a,https://www.uvic.ca/calendar/undergrad/index.php#/courses/ByeIm1_a74
CIVE202,Engineering Applications in Earth Systems,prerequisite,,CIVE,Department of Civil Engineering,H19bGmHw2,6487a201958ada7ee8e9b765,https://www.uvic.ca/calendar/undergrad/index.php#/courses/H19bGmHw2
CIVE210,Sustainability in Civil Engineering,prerequisite,,CIVE,Department of Civil Engineering,rkPm1dpXV,5cbdf4a304ce072400155e75,https://www.uvic.ca/calendar/undergrad/index.php#/courses/rkPm1dpXV
CIVE220,Mechanics of Solids I,prerequisite,,CIVE,Department of Civil Engineering,HJwQy_pX4,66974c340a8ca7ebf44b3fe3,https://www.uvic.ca/calendar/undergrad/index.php#/courses/HJwQy_pX4
CIVE250,Structural Analysis,prerequisite,,CIVE,Department of Civil Engineering,ry5z6SIk2,66e0ae3fd7dff994bff6e88f,https://www.uvic.ca/calendar/undergrad/index.php#/courses/ry5z6SIk2
CIVE285,Civil Engineering Materials,prerequisite,,CIVE,Department of Civil Engineering,r1_Xk_6mE,61df160980fcdb4b4eb84a1e,https://www.uvic.ca/calendar/undergrad/index.php#/courses/r1_Xk_6mE
CIVE299,Geomatics Engineering,computing,"keyword match: geographic information systems, GIS, remote sensing",CIVE,Department of Civil Engineering,SJqXkuaQE,5dbb46fcbac7ce2400ade64b,https://www.uvic.ca/calendar/undergrad/index.php#/courses/SJqXkuaQE
CIVE310,Introduction to Environmental Engineering,computing,keyword match: systems analysis,CIVE,Department of Civil Engineering,rkiXJuamN,64a705f9b0f3602396b189f7,https://www.uvic.ca/calendar/undergrad/index.php#/courses/rkiXJuamN
CIVE322,Dynamics,prerequisite,,CIVE,Department of Civil Engineering,HJ9NrnPPn,648a35332231157ab16fcc1d,https://www.uvic.ca/calendar/undergrad/index.php#/courses/HJ9NrnPPn
CIVE340,Sustainable Water Resources,computing,"keyword match: simulation, software",CIVE,Department of Civil Engineering,BJlsQJ_aQN,673f89c20f8414c64790ab92,https://www.uvic.ca/calendar/undergrad/index.php#/courses/BJlsQJ_aQN
CIVE360,Sustainable Transportation Systems,prerequisite,,CIVE,Department of Civil Engineering,BJaQJ_T7N,61e8a78e1f45da5bbfd6167d,https://www.uvic.ca/calendar/undergrad/index.php#/courses/BJaQJ_T7N
CIVE385,Geotechnical Engineering,prerequisite,,CIVE,Department of Civil Engineering,SyCX1_pQV,6850596d40450c93d6cd2479,https://www.uvic.ca/calendar/undergrad/index.php#/courses/SyCX1_pQV
CIVE395,Building Science Fundamentals,prerequisite,,CIVE,Department of Civil Engineering,HJUuqB8y3,6408ca6ee357b66c77efa614,https://www.uvic.ca/calendar/undergrad/index.php#/courses/HJUuqB8y3
CIVE410,Solid Waste and Air Pollution,computing,keyword match: software,CIVE,Department of Civil Engineering,B1JNJ_6Q4,6322444dd04db1702605ff37,https://www.uvic.ca/calendar/undergrad/index.php#/courses/B1JNJ_6Q4
CIVE411,Resilient Smart Cities,computing,keyword match: cyber systems/security,CIVE,Department of Civil Engineering,BkJEyOpQV,61bbb290c46bd8e8117f7d7a,https://www.uvic.ca/calendar/undergrad/index.php#/courses/BkJEyOpQV
CIVE421,Advanced Structural Analysis,computing,keyword match: finite element methods,CIVE,Department of Civil Engineering,BkxVydT7E,64aed438f1c053e501598891,https://www.uvic.ca/calendar/undergrad/index.php#/courses/BkxVydT7E
CIVE422,Finite Element Method,computing,"keyword match: computational, finite element methods, numerical methods",CIVE,Department of Civil Engineering,S1Y2K5RKY,66883ad398fcdc0bda6f9216,https://www.uvic.ca/calendar/undergrad/index.php#/courses/S1Y2K5RKY
CIVE445,Groundwater Hydrology,computing,keyword match: numerical methods,CIVE,Department of Civil Engineering,BJMVy_TQ4,5d3b67a749b1562400191b45,https://www.uvic.ca/calendar/undergrad/index.php#/courses/BJMVy_TQ4
CIVE452,Engineering for Earthquakes and Extreme Events,computing,keyword match: simulation,CIVE,Department of Civil Engineering,Sy7EkdaXN,64aed5c38786ac11b21e6f0e,https://www.uvic.ca/calendar/undergrad/index.php#/courses/Sy7EkdaXN
CIVE453,Building and District Energy Simulation,computing,"keyword match: computational, optimization, simulation",CIVE,Department of Civil Engineering,HJE4ydamE,64aed682c7ae4f7609f62207,https://www.uvic.ca/calendar/undergrad/index.php#/courses/HJE4ydamE
CIVE465,Energy Systems Decarbonization,computing,"keyword match: optimization, Python, visualization",CIVE,Department of Civil Engineering,rkMsWktGH,64aedfc450f09902ab7e9808,https://www.uvic.ca/calendar/undergrad/index.php#/courses/rkMsWktGH
CIVE467,Data Analysis and Building Energy,computing,"keyword match: data analysis, machine learning, optimization",CIVE,Department of Civil Engineering,rJklZGW70,664390e6645fe0a0df47d780,https://www.uvic.ca/calendar/undergrad/index.php#/courses/rJklZGW70
CSC100,Elementary Computing,computing,CSC subject,CSC,Department of Computer Science,r1xcyOamN,5cbdf4df04ce072400155eba,https://www.uvic.ca/calendar/undergrad/index.php#/courses/r1xcyOamN
CSC103,Introductory Programming and Software Development,computing,CSC subject,CSC,Department of Computer Science,SJxxcJdTmE,5cbdf4e02a310a240068a4f0,https://www.uvic.ca/calendar/undergrad/index.php#/courses/SJxxcJdTmE
CSC105,Computers and Information Processing,computing,CSC subject,CSC,Department of Computer Science,HJZck_TmV,5e502edae9601d2500427f1a,https://www.uvic.ca/calendar/undergrad/index.php#/courses/HJZck_TmV
CSC106,The Practice of Computer Science,computing,CSC subject,CSC,Department of Computer Science,SyZ5JOaQV,5cbdf4e22a310a240068a4f3,https://www.uvic.ca/calendar/undergrad/index.php#/courses/SyZ5JOaQV
CSC110,Fundamentals of Programming I,computing,CSC subject,CSC,Department of Computer Science,rkgWq1OpQE,5cbdf4e356bbef2400c2efcf,https://www.uvic.ca/calendar/undergrad/index.php#/courses/rkgWq1OpQE
CSC111,Fundamentals of Programming with Engineering Applications,computing,CSC subject,CSC,Department of Computer Science,rJGckOp7E,5cbdf4e404ce072400155ec0,https://www.uvic.ca/calendar/undergrad/index.php#/courses/rJGckOp7E
CSC115,Fundamentals of Programming II,computing,CSC subject,CSC,Department of Computer Science,Hkm5kuT7V,5cbdf4e567a5c324003b0bb6,https://www.uvic.ca/calendar/undergrad/index.php#/courses/Hkm5kuT7V
CSC116,Fundamentals of Programming with Engineering Applications II,computing,CSC subject,CSC,Department of Computer Science,rJ7qJupQV,5cbdf4e667a5c324003b0bb9,https://www.uvic.ca/calendar/undergrad/index.php#/courses/rJ7qJupQV
CSC130,World Wide Web and Mobile Applications,computing,CSC subject,CSC,Department of Computer Science,B149kOaX4,62b08d29f8827f955269b7f6,https://www.uvic.ca/calendar/undergrad/index.php#/courses/B149kOaX4
CSC167,"Game Strategy, Interaction and Design",computing,CSC subject,CSC,Department of Computer Science,SJNckd67E,6117069cfff34bb6b0289910,https://www.uvic.ca/calendar/undergrad/index.php#/courses/SJNckd67E
CSC205,2D Computer Graphics and Image Processing,computing,CSC subject,CSC,Department of Computer Science,Syd5kOaQV,5cbdf4e904ce072400155ec5,https://www.uvic.ca/calendar/undergrad/index.php#/courses/Syd5kOaQV
CSC225,Algorithms and Data Structures I,computing,CSC subject,CSC,Department of Computer Science,Bk_cy_a7V,5cbdf4ea67a5c324003b0bbd,https://www.uvic.ca/calendar/undergrad/index.php#/courses/Bk_cy_a7V
CSC226,Algorithms and Data Structures II,computing,CSC subject,CSC,Department of Computer Science,HytcJuaQV,6307b1bdfe51a12031b36bfa,https://www.uvic.ca/calendar/undergrad/index.php#/courses/HytcJuaQV
CSC230,Introduction to Computer Architecture,computing,CSC subject,CSC,Department of Computer Science,HJeY5kOpXN,5cbdf4ec67a5c324003b0bc3,https://www.uvic.ca/calendar/undergrad/index.php#/courses/HJeY5kOpXN
CSC299,Undergraduate Directed Project,computing,CSC subject,CSC,Department of Computer Science,rk29yO6XE,5e502f22e9601d2500427f20,https://www.uvic.ca/calendar/undergrad/index.php#/courses/rk29yO6XE
CSC305,Introduction to Computer Graphics,computing,CSC subject,CSC,Department of Computer Science,H1p5ku6XV,634f20f2a51adb55db67bb43,https://www.uvic.ca/calendar/undergrad/index.php#/courses/H1p5ku6XV
CSC320,Foundations of Computer Science,computing,CSC subject,CSC,Department of Computer Science,rJTqk_aXN,5cbdf4ef67a5c324003b0bc6,https://www.uvic.ca/calendar/undergrad/index.php#/courses/rJTqk_aXN
CSC322,Logic and Programming,computing,CSC subject,CSC,Department of Computer Science,Sy0cy_6mV,63ed36c0413c52641571a016,https://www.uvic.ca/calendar/undergrad/index.php#/courses/Sy0cy_6mV
CSC330,Programming Languages,computing,CSC subject,CSC,Department of Computer Science,SJJokdTQ4,64b57143bb24af4786cf4c0f,https://www.uvic.ca/calendar/undergrad/index.php#/courses/SJJokdTQ4
CSC349A,Numerical Analysis,computing,CSC subject,CSC,Department of Computer Science,ryelsJdp7N,5cbdf4f167a5c324003b0bcd,https://www.uvic.ca/calendar/undergrad/index.php#/courses/ryelsJdp7N
CSC350,Computer Architecture,computing,CSC subject,CSC,Department of Computer Science,rJejk_p7V,5e502f5044bef625003d60a1,https://www.uvic.ca/calendar/undergrad/index.php#/courses/rJejk_p7V
CSC355,Digital Logic and Computer Organization,computing,CSC subject,CSC,Department of Computer Science,rk-i1uTmV,5cbdf4f404ce072400155ed6,https://www.uvic.ca/calendar/undergrad/index.php#/courses/rk-i1uTmV
CSC360,Operating Systems,computing,CSC subject,CSC,Department of Computer Science,SkWiJ_6mE,634f1b98705f4b6ffcb5e403,https://www.uvic.ca/calendar/undergrad/index.php#/courses/SkWiJ_6mE
CSC361,Computer Communications and Networks,computing,CSC subject,CSC,Department of Computer Science,ryzikO6QN,5e50307b7ea20d2500081e92,https://www.uvic.ca/calendar/undergrad/index.php#/courses/ryzikO6QN
CSC370,Database Systems,computing,CSC subject,CSC,Department of Computer Science,BklGo1_T74,634f189b41b5edffbabee0ae,https://www.uvic.ca/calendar/undergrad/index.php#/courses/BklGo1_T74
CSC371,Data Management and Visualization,computing,CSC subject,CSC,Department of Computer Science,S1XoJ_aQN,6331195802f413bf621df3f7,https://www.uvic.ca/calendar/undergrad/index.php#/courses/S1XoJ_aQN
CSC375,Introduction to Systems Analysis,computing,CSC subject,CSC,Department of Computer Science,B1VoyOpm4,61c6161804d13a5d0556482f,https://www.uvic.ca/calendar/undergrad/index.php#/courses/B1VoyOpm4
CSC402,Systems for Massive Datasets,computing,CSC subject,CSC,Department of Computer Science,ryPurG0Fq,62b0956f2ee9499c8d2b748c,https://www.uvic.ca/calendar/undergrad/index.php#/courses/ryPurG0Fq
CSC411,Information Visualization,computing,CSC subject,CSC,Department of Computer Science,SJCKCpvSv,5f6a4e862b2fb60026ca7d1b,https://www.uvic.ca/calendar/undergrad/index.php#/courses/SJCKCpvSv
CSC412,Computing for Cognitive Augmentation,computing,CSC subject,CSC,Department of Computer Science,HJKHqi2Xs,634f2a4141b5ed34a9bee180,https://www.uvic.ca/calendar/undergrad/index.php#/courses/HJKHqi2Xs
CSC413,Designing Creativity Support Tools,computing,CSC subject,CSC,Department of Computer Science,Skz0Xj2Qi,634f23cafc58c34a7370ddc2,https://www.uvic.ca/calendar/undergrad/index.php#/courses/Skz0Xj2Qi
CSC421,Introduction to Artificial Intelligence,computing,CSC subject,CSC,Department of Computer Science,HyeHjkO674,5e5031d5e9601d2500427f77,https://www.uvic.ca/calendar/undergrad/index.php#/courses/HyeHjkO674
CSC423,Randomized Algorithms,computing,CSC subject,CSC,Department of Computer Science,HkIo1OaXN,61170bad7e95a0372a46f357,https://www.uvic.ca/calendar/undergrad/index.php#/courses/HkIo1OaXN
CSC424,Computational Complexity,computing,CSC subject,CSC,Department of Computer Science,BkO90c3M2,643f1e8f9d59270bcbea38ca,https://www.uvic.ca/calendar/undergrad/index.php#/courses/BkO90c3M2
CSC425,Analysis of Algorithms,computing,CSC subject,CSC,Department of Computer Science,BkDo1d67E,61170c62d7b1f000d13b1b75,https://www.uvic.ca/calendar/undergrad/index.php#/courses/BkDo1d67E
CSC426,Computational Geometry,computing,CSC subject,CSC,Department of Computer Science,rkdsyd6mV,61170dae7bfd58753b3bbcaa,https://www.uvic.ca/calendar/undergrad/index.php#/courses/rkdsyd6mV
CSC427,Advanced Topics in Bioinformatics,computing,CSC subject,CSC,Department of Computer Science,S1feznBho,63d831e9d0c73d7e1ed2fb83,https://www.uvic.ca/calendar/undergrad/index.php#/courses/S1feznBho
CSC428,Computational Biology Algorithms,computing,CSC subject,CSC,Department of Computer Science,S1dok_6QN,633111a7ac81d0b3bd2e73a4,https://www.uvic.ca/calendar/undergrad/index.php#/courses/S1dok_6QN
CSC428A,Combinatorial Algorithms,computing,CSC subject,CSC,Department of Computer Science,By_i1uaXN,61170e2bd7b1f0b1943b1b98,https://www.uvic.ca/calendar/undergrad/index.php#/courses/By_i1uaXN
CSC429,Cryptography,computing,CSC subject,CSC,Department of Computer Science,HkFsyupX4,63efaa7eb62378059b271e06,https://www.uvic.ca/calendar/undergrad/index.php#/courses/HkFsyupX4
CSC431,Machine Learning Theory,computing,CSC subject,CSC,Department of Computer Science,SkQ16kAXi,63506cdbe1cd0aa2f97d9aae,https://www.uvic.ca/calendar/undergrad/index.php#/courses/SkQ16kAXi
CSC435,Compiler Construction,computing,CSC subject,CSC,Department of Computer Science,S1xFo1_a7V,61170f03d7b1f0c2ec3b1ba8,https://www.uvic.ca/calendar/undergrad/index.php#/courses/S1xFo1_a7V
CSC445,Operations Research: Linear Programming,computing,CSC subject,CSC,Department of Computer Science,rk9i1dpXE,61170f7858dadc6bf7d25095,https://www.uvic.ca/calendar/undergrad/index.php#/courses/rk9i1dpXE
CSC446,Simulations in Operations Research,computing,CSC subject,CSC,Department of Computer Science,HJqi1_pXE,61533241112b602b84cb4a96,https://www.uvic.ca/calendar/undergrad/index.php#/courses/HJqi1_pXE
CSC449,Numerical Linear Algebra,computing,CSC subject,CSC,Department of Computer Science,r1no1OamN,61533346112b602b13cb4aa6,https://www.uvic.ca/calendar/undergrad/index.php#/courses/r1no1OamN
CSC460,Design and Analysis of Real-time Systems,computing,CSC subject,CSC,Department of Computer Science,S1xCiyOTmV,615335416baae35305a0c040,https://www.uvic.ca/calendar/undergrad/index.php#/courses/S1xCiyOTmV
CSC461,Multimedia Systems,computing,CSC subject,CSC,Department of Computer Science,B1RjJOpXV,63067effcc72fd463d4a46f8,https://www.uvic.ca/calendar/undergrad/index.php#/courses/B1RjJOpXV
CSC462,Distributed Computing,computing,CSC subject,CSC,Department of Computer Science,B1kh1_pmN,630680adb8c67c9e6e8fb678,https://www.uvic.ca/calendar/undergrad/index.php#/courses/B1kh1_pmN
CSC463,Wireless and Mobile Networks,computing,CSC subject,CSC,Department of Computer Science,rky3J_pXN,63068273fe51a1f017b35306,https://www.uvic.ca/calendar/undergrad/index.php#/courses/rky3J_pXN
CSC464,Concurrency,computing,CSC subject,CSC,Department of Computer Science,rkg2ydTmN,643ec1bad8bc27217641823d,https://www.uvic.ca/calendar/undergrad/index.php#/courses/rkg2ydTmN
CSC466,Overlay and Peer-to-Peer Networking,computing,CSC subject,CSC,Department of Computer Science,r1l21daXE,63068322b8c67c86268fb6a9,https://www.uvic.ca/calendar/undergrad/index.php#/courses/r1l21daXE
CSC467,"Switching, Network Traffic and Quality of Service",computing,CSC subject,CSC,Department of Computer Science,rJZnyOTm4,630682d119462f7ef41c0ecb,https://www.uvic.ca/calendar/undergrad/index.php#/courses/rJZnyOTm4
CSC471,Fundamentals of Computer Rendering,computing,CSC subject,CSC,Department of Computer Science,r1Whk_6QN,5cbdf51267a5c324003b0bdf,https://www.uvic.ca/calendar/undergrad/index.php#/courses/r1Whk_6QN
CSC472,Fundamentals of Computer Modeling,computing,CSC subject,CSC,Department of Computer Science,HyG21d674,65ea026dc55160335eedeff5,https://www.uvic.ca/calendar/undergrad/index.php#/courses/HyG21d674
CSC473,Fundamentals of Computer Animation,computing,CSC subject,CSC,Department of Computer Science,rJf3kupXE,61533e1c9af3d3b267099d85,https://www.uvic.ca/calendar/undergrad/index.php#/courses/rJf3kupXE
CSC475,Music Retrieval Techniques,computing,CSC subject,CSC,Department of Computer Science,rkQhyuamV,5d680bed78e11a24005d3dc5,https://www.uvic.ca/calendar/undergrad/index.php#/courses/rkQhyuamV
CSC482A,Topics in Algorithms,computing,CSC subject,CSC,Department of Computer Science,rkDn1uTX4,5e503312d48ad32500889a0d,https://www.uvic.ca/calendar/undergrad/index.php#/courses/rkDn1uTX4
CSC482B,Topics in Algorithms,computing,CSC subject,CSC,Department of Computer Science,rk_nJdaQV,5e50337ee9601d2500427f9c,https://www.uvic.ca/calendar/undergrad/index.php#/courses/rk_nJdaQV
CSC482C,Topics in Algorithms,computing,CSC subject,CSC,Department of Computer Science,ByO2yOp74,5e5033c2e9601d2500427fa6,https://www.uvic.ca/calendar/undergrad/index.php#/courses/ByO2yOp74
CSC482D,Topics in Algorithms,computing,CSC subject,CSC,Department of Computer Science,rJFhJdpXN,5e5033f77ea20d2500081ee3,https://www.uvic.ca/calendar/undergrad/index.php#/courses/rJFhJdpXN
CSC483A,Topics in Programming Methodology,computing,CSC subject,CSC,Department of Computer Science,BJ5hJuTQE,61534483dd630817a55b80d9,https://www.uvic.ca/calendar/undergrad/index.php#/courses/BJ5hJuTQE
CSC483B,Topics in Programming Methodology,computing,CSC subject,CSC,Department of Computer Science,S1s3yOTQE,5e50353fd48ad32500889a41,https://www.uvic.ca/calendar/undergrad/index.php#/courses/S1s3yOTQE
CSC483C,Topics in Programming Methodology,computing,CSC subject,CSC,Department of Computer Science,rko2kdaX4,5e503578e9601d2500427fd9,https://www.uvic.ca/calendar/undergrad/index.php#/courses/rko2kdaX4
CSC483D,Topics in Programming Methodology,computing,CSC subject,CSC,Department of Computer Science,B13nydaQ4,5e5035ea44bef625003d6131,https://www.uvic.ca/calendar/undergrad/index.php#/courses/B13nydaQ4
CSC484A,Topics in Scientific Computing,computing,CSC subject,CSC,Department of Computer Science,B1Tn1_pXN,5e50361e44bef625003d6134,https://www.uvic.ca/calendar/undergrad/index.php#/courses/B1Tn1_pXN
CSC484B,Topics in Scientific Computing,computing,CSC subject,CSC,Department of Computer Science,rJphJO6XE,5e50365244bef625003d6139,https://www.uvic.ca/calendar/undergrad/index.php#/courses/rJphJO6XE
CSC484C,Topics in Scientific Computing,computing,CSC subject,CSC,Department of Computer Science,rJ0hJO67E,5e5036937ea20d2500081f0d,https://www.uvic.ca/calendar/undergrad/index.php#/courses/rJ0hJO67E
CSC484D,Topics in Scientific Computing,computing,CSC subject,CSC,Department of Computer Science,Hy0hkuaQN,5e5036cbe9601d2500427feb,https://www.uvic.ca/calendar/undergrad/index.php#/courses/Hy0hkuaQN
CSC485A,Topics in Systems,computing,CSC subject,CSC,Department of Computer Science,B1ep1_pXV,5e5036fce9601d2500427ff0,https://www.uvic.ca/calendar/undergrad/index.php#/courses/B1ep1_pXV
CSC485B,Topics in Systems,computing,CSC subject,CSC,Department of Computer Science,rygp1O6mN,5e50403e7ea20d2500081f57,https://www.uvic.ca/calendar/undergrad/index.php#/courses/rygp1O6mN
CSC485C,Topics in Systems,computing,CSC subject,CSC,Department of Computer Science,SJ-py_pQ4,5e5052da7ea20d250008215a,https://www.uvic.ca/calendar/undergrad/index.php#/courses/SJ-py_pQ4
CSC485D,Topics in Systems,computing,CSC subject,CSC,Department of Computer Science,SJZa1da74,5e50416ad48ad32500889ad6,https://www.uvic.ca/calendar/undergrad/index.php#/courses/SJZa1da74
CSC485E,Topics in Systems,computing,CSC subject,CSC,Department of Computer Science,BybT1Oa7V,5e5041d144bef625003d61bc,https://www.uvic.ca/calendar/undergrad/index.php#/courses/BybT1Oa7V
CSC485F,Topics in Systems,computing,CSC subject,CSC,Department of Computer Science,rJGT1damE,5e50424b7ea20d2500081f91,https://www.uvic.ca/calendar/undergrad/index.php#/courses/rJGT1damE
CSC485G,Topics in Systems,computing,CSC subject,CSC,Department of Computer Science,rkfpJdpX4,5e50427ce9601d250042806c,https://www.uvic.ca/calendar/undergrad/index.php#/courses/rkfpJdpX4
CSC485H,Topics in Systems,computing,CSC subject,CSC,Department of Computer Science,r1Qpk_674,5e5043db44bef625003d61d2,https://www.uvic.ca/calendar/undergrad/index.php#/courses/r1Qpk_674
CSC486A,Topics in Graphics,computing,CSC subject,CSC,Department of Computer Science,B176J_TXN,5e504433d48ad32500889b0b,https://www.uvic.ca/calendar/undergrad/index.php#/courses/B176J_TXN
CSC486B,Topics in Graphics,computing,CSC subject,CSC,Department of Computer Science,ByVTJ_TXE,5e50451444bef625003d61eb,https://www.uvic.ca/calendar/undergrad/index.php#/courses/ByVTJ_TXE
CSC486C,Topics in Graphics,computing,CSC subject,CSC,Department of Computer Science,H1Epy_p7N,5e504596d48ad32500889b19,https://www.uvic.ca/calendar/undergrad/index.php#/courses/H1Epy_p7N
CSC486D,Topics in Graphics,computing,CSC subject,CSC,Department of Computer Science,BJBTku6QE,5e5046b3e9601d2500428095,https://www.uvic.ca/calendar/undergrad/index.php#/courses/BJBTku6QE
CSC490,Directed Studies,computing,CSC subject,CSC,Department of Computer Science,SklBayd67E,5cbdf52c67a5c324003b0bef,https://www.uvic.ca/calendar/undergrad/index.php#/courses/SklBayd67E
CSC497,Interdisciplinary Project,computing,CSC subject,CSC,Department of Computer Science,SJ8TJ_a74,5cbdf52d2a310a240068a51d,https://www.uvic.ca/calendar/undergrad/index.php#/courses/SJ8TJ_a74
CSC499,Honours Seminar and Project,computing,CSC subject,CSC,Department of Computer Science,HkITJOTQ4,5cbdf52f67a5c324003b0bf1,https://www.uvic.ca/calendar/undergrad/index.php#/courses/HkITJOTQ4
ECE216,Electricity and Magnetism,prerequisite,,ECE,Department of Electrical and Computer Engineering,HySued6QN,62fa805ec4bd596a1038f2cf,https://www.uvic.ca/calendar/undergrad/index.php#/courses/HySued6QN
ECE220,Electrical Properties of Materials,prerequisite,,ECE,Department of Electrical and Computer Engineering,BkeBOx_6QV,6763395a7804cc86ff3615ef,https://www.uvic.ca/calendar/undergrad/index.php#/courses/BkeBOx_6QV
ECE241,Digital Design,computing,keyword match: digital design,ECE,Department of Electrical and Computer Engineering,B1SdgO6mN,66ec87db703c825dbe5e01ca,https://www.uvic.ca/calendar/undergrad/index.php#/courses/B1SdgO6mN
ECE242,Discrete Structures in Engineering,computing,"keyword match: computational, programming",ECE,Department of Electrical and Computer Engineering,BJUOgupQV,5cbdf57556bbef2400c2f03f,https://www.uvic.ca/calendar/undergrad/index.php#/courses/BJUOgupQV
ECE250,Linear Circuits I,computing,keyword match: parallel computing,ECE,Department of Electrical and Computer Engineering,B18dxO6QV,5cbdf57667a5c324003b0c2a,https://www.uvic.ca/calendar/undergrad/index.php#/courses/B18dxO6QV
ECE255,Introduction to Computer Architecture,computing,"keyword match: computer architecture, programming, software",ECE,Department of Electrical and Computer Engineering,Hkw_gdpX4,5cbdf57704ce072400155f52,https://www.uvic.ca/calendar/undergrad/index.php#/courses/Hkw_gdpX4
ECE260,Continuous-Time Signals and Systems,computing,keyword match: simulation,ECE,Department of Electrical and Computer Engineering,SkDdxdamN,5cbdf57867a5c324003b0c2c,https://www.uvic.ca/calendar/undergrad/index.php#/courses/SkDdxdamN
ECE270,Cyber-Physical Systems and Internet of Things,computing,"keyword match: computational, cyber systems/security, embedded systems, internet of things, +1 more",ECE,Department of Electrical and Computer Engineering,rJxkc44Ka,6696bba0acc4947fe1c3347f,https://www.uvic.ca/calendar/undergrad/index.php#/courses/rJxkc44Ka
ECE299,Introduction to Electrical and Computer Engineering Design,computing,"keyword match: computer-aided work, simulation",ECE,Department of Electrical and Computer Engineering,rkxvdluaQV,5cbdf57a67a5c324003b0c2e,https://www.uvic.ca/calendar/undergrad/index.php#/courses/rkxvdluaQV
ECE300,Linear Circuits II,prerequisite,,ECE,Department of Electrical and Computer Engineering,HkO_guTQV,5cbdf57b67a5c324003b0c30,https://www.uvic.ca/calendar/undergrad/index.php#/courses/HkO_guTQV
ECE310,Digital Signal Processing I,computing,"keyword match: digital signal processing, signal processing",ECE,Department of Electrical and Computer Engineering,Byd_gu6QE,5cbdf57c04ce072400155f56,https://www.uvic.ca/calendar/undergrad/index.php#/courses/Byd_gu6QE
ECE320,Electronic Devices I,prerequisite,,ECE,Department of Electrical and Computer Engineering,S1FOe_6QV,649329a9309b8099be1ec11f,https://www.uvic.ca/calendar/undergrad/index.php#/courses/S1FOe_6QV
ECE330,Electronic Circuits I,computing,keyword match: simulation,ECE,Department of Electrical and Computer Engineering,rkYuxOTmV,67633b2263ba75d9414b1021,https://www.uvic.ca/calendar/undergrad/index.php#/courses/rkYuxOTmV
ECE335,Biosensors and Instrumentation,computing,keyword match: signal processing,ECE,Department of Electrical and Computer Engineering,BkgKOgOamE,669987d1852c52c48d5cfb6c,https://www.uvic.ca/calendar/undergrad/index.php#/courses/BkgKOgOamE
ECE340,Applied Electromagnetics and Photonics,prerequisite,,ECE,Department of Electrical and Computer Engineering,H15_eOp74,67633be722c20e09dc50d1de,https://www.uvic.ca/calendar/undergrad/index.php#/courses/H15_eOp74
ECE350,Communications Theory and Systems I,computing,keyword match: MATLAB,ECE,Department of Electrical and Computer Engineering,By9_euTXE,5f18be2f6a9b9f0026fb5d1d,https://www.uvic.ca/calendar/undergrad/index.php#/courses/By9_euTXE
ECE355,Microprocessor-Based Systems,computing,keyword match: microprocessor systems,ECE,Department of Electrical and Computer Engineering,r1g5dedTXE,5cbdf5822a310a240068a563,https://www.uvic.ca/calendar/undergrad/index.php#/courses/r1g5dedTXE
ECE356,Engineering System Software,computing,"keyword match: operating systems, software",ECE,Department of Electrical and Computer Engineering,HyodlOaQE,674e0a50ee2ca4ff2cb83986,https://www.uvic.ca/calendar/undergrad/index.php#/courses/HyodlOaQE
ECE360,Control Theory and Systems I,prerequisite,,ECE,Department of Electrical and Computer Engineering,rki_e_pQ4,5cbdf58404ce072400155f60,https://www.uvic.ca/calendar/undergrad/index.php#/courses/rki_e_pQ4
ECE363,Communication Networks,computing,keyword match: algorithms,ECE,Department of Electrical and Computer Engineering,SkPsbtwpK,61ea019f5d55864a7ab7ac55,https://www.uvic.ca/calendar/undergrad/index.php#/courses/SkPsbtwpK
ECE365,Applied Electronics and Electrical Machines,prerequisite,,ECE,Department of Electrical and Computer Engineering,Bko_gu67V,67633f00d49e4abd60245e8d,https://www.uvic.ca/calendar/undergrad/index.php#/courses/Bko_gu67V
ECE370,Electromechanical Energy Conversion,prerequisite,,ECE,Department of Electrical and Computer Engineering,H1hded6XV,6763433507cf786607474f0b,https://www.uvic.ca/calendar/undergrad/index.php#/courses/H1hded6XV
ECE380,Electronic Circuits II,computing,keyword match: simulation,ECE,Department of Electrical and Computer Engineering,HyhOlOamV,5cbdf58756bbef2400c2f048,https://www.uvic.ca/calendar/undergrad/index.php#/courses/HyhOlOamV
ECE403,Optimization for Machine Learning,computing,"keyword match: machine learning, optimization, signal processing",ECE,Department of Electrical and Computer Engineering,r1pOxuT74,608206f6ee26e2db518685f7,https://www.uvic.ca/calendar/undergrad/index.php#/courses/r1pOxuT74
ECE404,Microwaves and Fiber Optics,computing,keyword match: numerical methods,ECE,Department of Electrical and Computer Engineering,SyA_gOa7V,5cbdf58a56bbef2400c2f04c,https://www.uvic.ca/calendar/undergrad/index.php#/courses/SyA_gOa7V
ECE405,Error Control Coding,computing,"keyword match: algorithms, coding",ECE,Department of Electrical and Computer Engineering,SJAdxuamN,66ec8c8a2538a74acd65ba9c,https://www.uvic.ca/calendar/undergrad/index.php#/courses/SJAdxuamN
ECE406,Applied Cryptography,computing,keyword match: cryptography,ECE,Department of Electrical and Computer Engineering,BJxSr0Ml9,66ec89aa1ab816565fa8aa70,https://www.uvic.ca/calendar/undergrad/index.php#/courses/BJxSr0Ml9
ECE407,Digital Signal Processing II,computing,"keyword match: digital signal processing, signal processing, VLSI",ECE,Department of Electrical and Computer Engineering,ByxCOg_a74,5cbdf58c04ce072400155f64,https://www.uvic.ca/calendar/undergrad/index.php#/courses/ByxCOg_a74
ECE410,Power Electronics,computing,keyword match: computer-aided work,ECE,Department of Electrical and Computer Engineering,BkyKxOTXV,5cbdf58d67a5c324003b0c42,https://www.uvic.ca/calendar/undergrad/index.php#/courses/BkyKxOTXV
ECE417,Software Defined Radio,computing,"keyword match: digital signal processing, signal processing, software",ECE,Department of Electrical and Computer Engineering,BkgKldTX4,608212f47cc255c222fde6d0,https://www.uvic.ca/calendar/undergrad/index.php#/courses/BkgKldTX4
ECE426,Robotics,computing,keyword match: robotics,ECE,Department of Electrical and Computer Engineering,S1eteup74,5cbdf59067a5c324003b0c49,https://www.uvic.ca/calendar/undergrad/index.php#/courses/S1eteup74
ECE435,Medical Image Processing,computing,"keyword match: computer-aided work, image processing, visualization",ECE,Department of Electrical and Computer Engineering,ry-FxOaQ4,5e2b4a5db8c5f4250054671a,https://www.uvic.ca/calendar/undergrad/index.php#/courses/ry-FxOaQ4
ECE441,Design of Digital and VLSI Systems,computing,"keyword match: coding, optimization, simulation, VLSI",ECE,Department of Electrical and Computer Engineering,rkXFxOTXE,65a6e2a4f544761cbd6d899a,https://www.uvic.ca/calendar/undergrad/index.php#/courses/rkXFxOTXE
ECE448,Cyber-System Security,computing,"keyword match: cyber systems/security, embedded systems",ECE,Department of Electrical and Computer Engineering,Sy7FeOTm4,66ec8eb5f3c9067e033d1389,https://www.uvic.ca/calendar/undergrad/index.php#/courses/Sy7FeOTm4
ECE450,Communications Theory and Systems II,computing,keyword match: coding,ECE,Department of Electrical and Computer Engineering,B1VFxdTQN,6082f03201ff057b2e6d6546,https://www.uvic.ca/calendar/undergrad/index.php#/courses/B1VFxdTQN
ECE454,Engineering Components for Wireless Systems,computing,keyword match: computer-aided work,ECE,Department of Electrical and Computer Engineering,S1rKeupQN,5cbdf59a67a5c324003b0c55,https://www.uvic.ca/calendar/undergrad/index.php#/courses/S1rKeupQN
ECE455,Real Time Computer Systems Design Project,computing,keyword match: software,ECE,Department of Electrical and Computer Engineering,SygStl_p74,5cbdf59b67a5c324003b0c57,https://www.uvic.ca/calendar/undergrad/index.php#/courses/SygStl_p74
ECE457,Parallel and Cluster Computing,computing,"keyword match: coding, computing, parallel computing",ECE,Department of Electrical and Computer Engineering,rkItxOp7V,66ec8f30f9264aa5aa9ee1b1,https://www.uvic.ca/calendar/undergrad/index.php#/courses/rkItxOp7V
ECE459,Applications of Digital Signal Processing Techniques,computing,"keyword match: algorithms, digital signal processing, signal processing",ECE,Department of Electrical and Computer Engineering,SyvFxOa7E,6082f7f2ee26e28a5e887a70,https://www.uvic.ca/calendar/undergrad/index.php#/courses/SyvFxOa7E
ECE460,Control Theory and Systems II,prerequisite,,ECE,Department of Electrical and Computer Engineering,rkwFe_TQ4,5cbdf59f56bbef2400c2f066,https://www.uvic.ca/calendar/undergrad/index.php#/courses/rkwFe_TQ4
ECE463,Design and Analysis of Computer Networks,computing,keyword match: simulation,ECE,Department of Electrical and Computer Engineering,rkldFx_TmV,6082fd7f6f22b00db393dbaa,https://www.uvic.ca/calendar/undergrad/index.php#/courses/rkldFx_TmV
ECE466,System-on-Chip Engineering for Signal Processing,computing,keyword match: signal processing,ECE,Department of Electrical and Computer Engineering,BkFFlOpQN,6082ff9a88e1bcf7de8fd779,https://www.uvic.ca/calendar/undergrad/index.php#/courses/BkFFlOpQN
ECE470,Artificial Intelligence,computing,keyword match: artificial intelligence,ECE,Department of Electrical and Computer Engineering,rytKxupXV,60b6b66d0775c077f894a39a,https://www.uvic.ca/calendar/undergrad/index.php#/courses/rytKxupXV
ECE471,Computer Vision,computing,keyword match: computer vision,ECE,Department of Electrical and Computer Engineering,B1FKl_pXN,608307e07cc255c2a7fde953,https://www.uvic.ca/calendar/undergrad/index.php#/courses/B1FKl_pXN
ECE481,Analog VLSI Systems,computing,"keyword match: neural networks, VLSI",ECE,Department of Electrical and Computer Engineering,BkcYlOpXN,5cbdf5a756bbef2400c2f06b,https://www.uvic.ca/calendar/undergrad/index.php#/courses/BkcYlOpXN
ECE483,Digital Video Processing,computing,keyword match: digital video,ECE,Department of Electrical and Computer Engineering,r1sFxuTmV,60830a48fcabc988c1f7bc75,https://www.uvic.ca/calendar/undergrad/index.php#/courses/r1sFxuTmV
ECE484,Audio Signal Processing,computing,keyword match: signal processing,ECE,Department of Electrical and Computer Engineering,ryiFgu6XV,5cbdf5aa56bbef2400c2f06d,https://www.uvic.ca/calendar/undergrad/index.php#/courses/ryiFgu6XV
ECE485,Data Analysis and Pattern Recognition,computing,"keyword match: computer security, data analysis, data science",ECE,Department of Electrical and Computer Engineering,Sk2tgOaQE,60830b1a6f22b0d07193dbfd,https://www.uvic.ca/calendar/undergrad/index.php#/courses/Sk2tgOaQE
ECE486,Multiresolution Signal and Geometry Processing With C++,computing,"keyword match: c++, computer graphics, graphics, programming, +1 more",ECE,Department of Electrical and Computer Engineering,H13Kg_aXV,60830c1e88e1bc16c38fd7c3,https://www.uvic.ca/calendar/undergrad/index.php#/courses/H13Kg_aXV
ECON103,Principles of Microeconomics,prerequisite,,ECON,Department of Economics,H143gOT7N,5d1f6d80d2bc1524008cafbf,https://www.uvic.ca/calendar/undergrad/index.php#/courses/H143gOT7N
ECON104,Principles of Macroeconomics,prerequisite,,ECON,Department of Economics,S1Engd67E,5d1f6ba194e82e2400a23250,https://www.uvic.ca/calendar/undergrad/index.php#/courses/S1Engd67E
ECON180,Introduction to Economics and Financial Project Evaluation,prerequisite,,ECON,Department of Economics,BJ82eua74,5db1ccf574176e2400275679,https://www.uvic.ca/calendar/undergrad/index.php#/courses/BJ82eua74
ECON245,Descriptive Statistics and Probability,prerequisite,,ECON,Department of Economics,BJlcheuT7N,6721141113d6edf42705341b,https://www.uvic.ca/calendar/undergrad/index.php#/courses/BJlcheuT7N
ECS100,Topics in Engineering and Computer Science I,computing,ECS subject,ECS,Faculty of Engineering and Computer Science,Bk7rq75Jp,650caa3b34f0930c03bea400,https://www.uvic.ca/calendar/undergrad/index.php#/courses/Bk7rq75Jp
ECS105,Academic Success and Diversity in Computing,computing,ECS subject,ECS,Faculty of Engineering and Computer Science,SktqJonCC,66ff1f9123f02dcc7ee39351,https://www.uvic.ca/calendar/undergrad/index.php#/courses/SktqJonCC
ECS200,Topics in Engineering and Computer Science II,computing,ECS subject,ECS,Faculty of Engineering and Computer Science,Hkpyz_oJa,650df1e49d6f9475a4d0274e,https://www.uvic.ca/calendar/undergrad/index.php#/courses/Hkpyz_oJa
ECS300,Topics in Engineering and Computer Science III,computing,ECS subject,ECS,Faculty of Engineering and Computer Science,BJaTEOjka,650df4c54601bc6ad306d503,https://www.uvic.ca/calendar/undergrad/index.php#/courses/BJaTEOjka
ECS400,Topics in Engineering and Computer Science IV,computing,ECS subject,ECS,Faculty of Engineering and Computer Science,HywZuuiya,650df7ff9247834efa1145c4,https://www.uvic.ca/calendar/undergrad/index.php#/courses/HywZuuiya
ENGR001,Work Term 1,prerequisite,,ENGR,Faculty of Engineering and Computer Science,HkgX5mup7E,650c8f838484b57be7d88cb9,https://www.uvic.ca/calendar/undergrad/index.php#/courses/HkgX5mup7E
ENGR002,Work Term 2,prerequisite,,ENGR,Faculty of Engineering and Computer Science,HJNqmupm4,650cc8d33d8b746fe633f6ae,https://www.uvic.ca/calendar/undergrad/index.php#/courses/HJNqmupm4
ENGR110,Design and Communication I,prerequisite,,ENGR,Faculty of Engineering and Computer Science,Hk_57dp7E,5e8bc9e16fd5672600958d7e,https://www.uvic.ca/calendar/undergrad/index.php#/courses/Hk_57dp7E
ENGR112,Design I,prerequisite,,ENGR,Faculty of Engineering and Computer Science,rJKqmuamV,5e8bc7646fd5672600958d61,https://www.uvic.ca/calendar/undergrad/index.php#/courses/rJKqmuamV
ENGR120,Design and Communication II,prerequisite,,ENGR,Faculty of Engineering and Computer Science,HJesq7O67E,620d363a058b920d3cd96a5a,https://www.uvic.ca/calendar/undergrad/index.php#/courses/HJesq7O67E
ENGR121,Design II,computing,keyword match: software,ENGR,Faculty of Engineering and Computer Science,Hk35Qu6Q4,620d3a093e2ac9699e542d89,https://www.uvic.ca/calendar/undergrad/index.php#/courses/Hk35Qu6Q4
ENGR130,Introduction to Professional Practice,prerequisite,,ENGR,Faculty of Engineering and Computer Science,SyncXd6XE,5cbdf5fa56bbef2400c2f0aa,https://www.uvic.ca/calendar/undergrad/index.php#/courses/SyncXd6XE
ENGR141,Engineering Mechanics,computing,keyword match: distributed systems,ENGR,Faculty of Engineering and Computer Science,B1nc7d67N,5cbdf5fb04ce072400155fb3,https://www.uvic.ca/calendar/undergrad/index.php#/courses/B1nc7d67N
ENGR240,Technical Writing,prerequisite,,ENGR,Faculty of Engineering and Computer Science,By697OamV,633ca14333e5fe717cbdb3dd,https://www.uvic.ca/calendar/undergrad/index.php#/courses/By697OamV
ENSH101,Themes in Literature,prerequisite,,ENSH,Department of English,ryg_TF8eo,688a7361a47526db43c77405,https://www.uvic.ca/calendar/undergrad/index.php#/courses/ryg_TF8eo
ENSH102,Literature in Action,prerequisite,,ENSH,Department of English,BJkzjYIlj,688a86bca47526db43c89772,https://www.uvic.ca/calendar/undergrad/index.php#/courses/BJkzjYIlj
ENSH202,"Technical Communications, Written and Verbal",prerequisite,,ENSH,Department of English,Hk4AmXQRc,648a4b192fb3c37000c4d450,https://www.uvic.ca/calendar/undergrad/index.php#/courses/Hk4AmXQRc
EOS110,Oceans and Atmosphere,prerequisite,,EOS,School of Earth and Ocean Sciences,BkMnQ_a7V,5d1f7c4389944f24002adb12,https://www.uvic.ca/calendar/undergrad/index.php#/courses/BkMnQ_a7V
EOS120,The Dynamic Earth,prerequisite,,EOS,School of Earth and Ocean Sciences,HyGhmO67E,5d1f6b5889944f24002ad041,https://www.uvic.ca/calendar/undergrad/index.php#/courses/HyGhmO67E
EOS130,Climate Change,prerequisite,,EOS,School of Earth and Ocean Sciences,B128DL80w,5ff8d754100d1e00282bc041,https://www.uvic.ca/calendar/undergrad/index.php#/courses/B128DL80w
EOS201,Sedimentary Geology,prerequisite,,EOS,School of Earth and Ocean Sciences,BJ7hXOaQ4,5d1f6e62d2bc1524008cb067,https://www.uvic.ca/calendar/undergrad/index.php#/courses/BJ7hXOaQ4
EOS205,Mineralogy,prerequisite,,EOS,School of Earth and Ocean Sciences,HJB27uaXN,5e583939b72ef32500f34d2c,https://www.uvic.ca/calendar/undergrad/index.php#/courses/HJB27uaXN
EOS210,Introductory Geophysics,prerequisite,,EOS,School of Earth and Ocean Sciences,S1ern7_Tm4,5faf0c6cf5dbad0026c052ed,https://www.uvic.ca/calendar/undergrad/index.php#/courses/S1ern7_Tm4
EOS230,Introduction to Environmental Data Analysis,computing,"keyword match: data analysis, data visualization, programming, visualization",EOS,School of Earth and Ocean Sciences,ByR84_80P,65a1935c7dbc90ea2f22223b,https://www.uvic.ca/calendar/undergrad/index.php#/courses/ByR84_80P
EOS240,Geochemistry,prerequisite,,EOS,School of Earth and Ocean Sciences,S1UnQuTXN,667f1fcdc1d1429420bd2bc2,https://www.uvic.ca/calendar/undergrad/index.php#/courses/S1UnQuTXN
EOS261,The Climate System,prerequisite,,EOS,School of Earth and Ocean Sciences,BknoD5ykd,61ae8336846c7828419e7e5b,https://www.uvic.ca/calendar/undergrad/index.php#/courses/BknoD5ykd
EOS314,Descriptive Physical Oceanography,prerequisite,,EOS,School of Earth and Ocean Sciences,S1tn7d6QE,6686cd20516b11d275078958,https://www.uvic.ca/calendar/undergrad/index.php#/courses/S1tn7d6QE
EOS325,Earth System Modelling,prerequisite,,EOS,School of Earth and Ocean Sciences,Hk9nQOp7V,6686d0e2516b11339407896b,https://www.uvic.ca/calendar/undergrad/index.php#/courses/Hk9nQOp7V
EOS335,Isotopes in Natural Sciences,prerequisite,,EOS,School of Earth and Ocean Sciences,S1xs2m_a7V,5d1f7355d2bc1524008cb3ef,https://www.uvic.ca/calendar/undergrad/index.php#/courses/S1xs2m_a7V
EOS340,Atmospheric Physics,prerequisite,,EOS,School of Earth and Ocean Sciences,rJs3Qu6QN,667f21ef07ae35617cfa3e71,https://www.uvic.ca/calendar/undergrad/index.php#/courses/rJs3Qu6QN
EOS350,Understanding the Oceans,prerequisite,,EOS,School of Earth and Ocean Sciences,ryhhmOaQV,614ba345b22f75455f424bdc,https://www.uvic.ca/calendar/undergrad/index.php#/courses/ryhhmOaQV
EOS365,Climate and Society,prerequisite,,EOS,School of Earth and Ocean Sciences,r1T3QOaQE,5e583a8f7120522500518b77,https://www.uvic.ca/calendar/undergrad/index.php#/courses/r1T3QOaQE
EOS423,Advanced Sedimentology and Stratigraphy,computing,"keyword match: computational, remote sensing",EOS,School of Earth and Ocean Sciences,HJ-mjQi5U,63911d47ecde9a0c1f71ae75,https://www.uvic.ca/calendar/undergrad/index.php#/courses/HJ-mjQi5U
EOS460,Earth System Science,computing,keyword match: systems analysis,EOS,School of Earth and Ocean Sciences,ryVTQu6QE,681a5fcb36fc8f7fac74d7d6,https://www.uvic.ca/calendar/undergrad/index.php#/courses/ryVTQu6QE
ER313,Biodiversity and Conservation Biology,prerequisite,,ER,School of Environmental Studies,r1gQmNdTXV,675b6357e5713ee6e7d1eaf3,https://www.uvic.ca/calendar/undergrad/index.php#/courses/r1gQmNdTXV
ES200,Introduction to Environmental Studies,prerequisite,,ES,School of Environmental Studies,rJbVVupXV,5e5841f6b72ef32500f34d9e,https://www.uvic.ca/calendar/undergrad/index.php#/courses/rJbVVupXV
ES240,Ecological Processes,prerequisite,,ES,School of Environmental Studies,Bkg-EVOa7V,5d1f72c794e82e2400a237a8,https://www.uvic.ca/calendar/undergrad/index.php#/courses/Bkg-EVOa7V
ES301,Political Ecology,prerequisite,,ES,School of Environmental Studies,rJ7ENOaXE,5d1f6ae289944f24002acfc8,https://www.uvic.ca/calendar/undergrad/index.php#/courses/rJ7ENOaXE
ES302,"Capitalism, Justice and Sustainability",prerequisite,,ES,School of Environmental Studies,SylQ4NOa7V,5e5842352beb4c2500153a53,https://www.uvic.ca/calendar/undergrad/index.php#/courses/SylQ4NOa7V
ES321,Ethnoecology,prerequisite,,ES,School of Environmental Studies,r1U44_pmV,65a0b2d1d273cacc75fd1e15,https://www.uvic.ca/calendar/undergrad/index.php#/courses/r1U44_pmV
ES341,"Past, Present, and Future Ecologies",prerequisite,,ES,School of Environmental Studies,HyeUEE_aXV,5d1f72d294e82e2400a237af,https://www.uvic.ca/calendar/undergrad/index.php#/courses/HyeUEE_aXV
ES344,Design and Analysis for Environmental Science,prerequisite,,ES,School of Environmental Studies,SyPE4_T7E,6227fe20601e842c1baae432,https://www.uvic.ca/calendar/undergrad/index.php#/courses/SyPE4_T7E
ES348,Biodiversity and Conservation Biology,prerequisite,,ES,School of Environmental Studies,r1lvV4daQE,66e47a25a4a7f75bda28f852,https://www.uvic.ca/calendar/undergrad/index.php#/courses/r1lvV4daQE
ES365,Climate and Society,prerequisite,,ES,School of Environmental Studies,HJ54E_pXN,65adda9abce7bd869a9e71a6,https://www.uvic.ca/calendar/undergrad/index.php#/courses/HJ54E_pXN
ES378,Leadership Skills for Change,prerequisite,,ES,School of Environmental Studies,Sk9NVu67V,5d1f72dbfb68f3240022d4b4,https://www.uvic.ca/calendar/undergrad/index.php#/courses/Sk9NVu67V
ES399,Environmental Evidence in a Post-truth Era,prerequisite,,ES,School of Environmental Studies,Sy3VEdpQE,66e47af34fec506214f9782a,https://www.uvic.ca/calendar/undergrad/index.php#/courses/Sy3VEdpQE
ES461,Environmental Impact Assessment,prerequisite,,ES,School of Environmental Studies,rk3rVu6mE,5e5848272beb4c2500153a7b,https://www.uvic.ca/calendar/undergrad/index.php#/courses/rk3rVu6mE
GEOG100,Geography for Today,prerequisite,,GEOG,Department of Geography,SJxfH_6mE,5d1f737ffb68f3240022d52b,https://www.uvic.ca/calendar/undergrad/index.php#/courses/SJxfH_6mE
GEOG101A,"Environment, Society and Sustainability",prerequisite,,GEOG,Department of Geography,H1bzS_67E,5d1f7386d2bc1524008cb417,https://www.uvic.ca/calendar/undergrad/index.php#/courses/H1bzS_67E
GEOG101B,"Space, Place and Society",prerequisite,,GEOG,Department of Geography,H1-GBOaXN,657caf1e2d647d73bf57f8f5,https://www.uvic.ca/calendar/undergrad/index.php#/courses/H1-GBOaXN
GEOG103,Our Natural Earth,prerequisite,,GEOG,Department of Geography,SJMzBua7N,654ab4f49d70e6ada910d49b,https://www.uvic.ca/calendar/undergrad/index.php#/courses/SJMzBua7N
GEOG130,Climate Change,prerequisite,,GEOG,Department of Geography,HkMDtUICD,5ff8d95afb277900267e8424,https://www.uvic.ca/calendar/undergrad/index.php#/courses/HkMDtUICD
GEOG209,Environmental Management,prerequisite,,GEOG,Department of Geography,BJPfS_pXN,6474ef22c90e02197a2c656b,https://www.uvic.ca/calendar/undergrad/index.php#/courses/BJPfS_pXN
GEOG211,Political and Economic Geography,prerequisite,,GEOG,Department of Geography,SkgvGHOpQN,5d1f6bcc89944f24002ad0a1,https://www.uvic.ca/calendar/undergrad/index.php#/courses/SkgvGHOpQN
GEOG218,Social and Cultural Geography,prerequisite,,GEOG,Department of Geography,ryYfrdT74,657caf92548a3d13b976af40,https://www.uvic.ca/calendar/undergrad/index.php#/courses/ryYfrdT74
GEOG222,Introduction to GIS,computing,"keyword match: geographic information systems, GIS",GEOG,Department of Geography,rJcMHu67V,657a35bb8a5bdc6c8eea9e02,https://www.uvic.ca/calendar/undergrad/index.php#/courses/rJcMHu67V
GEOG226,Quantitative Methods in Geography,prerequisite,,GEOG,Department of Geography,rJifB_aXE,654ab82479563116634e774f,https://www.uvic.ca/calendar/undergrad/index.php#/courses/rJifB_aXE
GEOG227,Qualitative Research Methods in Geography,computing,keyword match: coding,GEOG,Department of Geography,rkE1gCFsS,657a373f2d647d070b57cc56,https://www.uvic.ca/calendar/undergrad/index.php#/courses/rkE1gCFsS
GEOG228,Introduction to Remote Sensing,computing,keyword match: remote sensing,GEOG,Department of Geography,HkjGruTXE,5e5942c3e62c3f2500a5bc75,https://www.uvic.ca/calendar/undergrad/index.php#/courses/HkjGruTXE
GEOG230,Introduction to Environmental Data Analysis,computing,"keyword match: data analysis, data visualization, programming, visualization",GEOG,Department of Geography,rJW5SdLRP,65a1a4097dbc907bef22234a,https://www.uvic.ca/calendar/undergrad/index.php#/courses/rJW5SdLRP
GEOG252,Coastal Geography,prerequisite,,GEOG,Department of Geography,B1hfHOTXN,657a38042d647dda5b57cc61,https://www.uvic.ca/calendar/undergrad/index.php#/courses/B1hfHOTXN
GEOG272,Climatology and Hydrology,prerequisite,,GEOG,Department of Geography,HJe2GH_67E,657a3849548a3d43a571ecb5,https://www.uvic.ca/calendar/undergrad/index.php#/courses/HJe2GH_67E
GEOG274,Biogeography,prerequisite,,GEOG,Department of Geography,SJ3GSdamV,657a387bf194a7129fec9d37,https://www.uvic.ca/calendar/undergrad/index.php#/courses/SJ3GSdamV
GEOG276,Geomorphology,prerequisite,,GEOG,Department of Geography,HyazrO6mV,657a38a8f194a73953ec9d3a,https://www.uvic.ca/calendar/undergrad/index.php#/courses/HyazrO6mV
GEOG301,Environmental Impact Assessment,prerequisite,,GEOG,Department of Geography,HkCfrdp7E,5e594363e62c3f2500a5bc83,https://www.uvic.ca/calendar/undergrad/index.php#/courses/HkCfrdp7E
GEOG303,Conservation and Ecology of Whales,prerequisite,,GEOG,Department of Geography,H1AGHOpmE,5d1f731c89944f24002ad654,https://www.uvic.ca/calendar/undergrad/index.php#/courses/H1AGHOpmE
GEOG314,Global Environmental Change and Human Response,prerequisite,,GEOG,Department of Geography,ryGXHuTm4,627bec098714a6a978f90e46,https://www.uvic.ca/calendar/undergrad/index.php#/courses/ryGXHuTm4
GEOG315,Geocaching,computing,keyword match: data management,GEOG,Department of Geography,SkMmHOamV,5e5943e26737b12500c22ecf,https://www.uvic.ca/calendar/undergrad/index.php#/courses/SkMmHOamV
GEOG319,Remote Sensing of the Environment using Passive Sensors,computing,keyword match: remote sensing,GEOG,Department of Geography,rklMQBupQV,5dbb2231f99831240039c49b,https://www.uvic.ca/calendar/undergrad/index.php#/courses/rklMQBupQV
GEOG322,Remote Sensing of the Environment using Active Sensors,computing,"keyword match: remote sensing, software",GEOG,Department of Geography,HyVXru6XE,600089db6aecd000268be426,https://www.uvic.ca/calendar/undergrad/index.php#/courses/HyVXru6XE
GEOG323,Digital Mapping,computing,"keyword match: digital mapping, visualization",GEOG,Department of Geography,SJeN7r_aXE,657a3f9a5fac71800044fd58,https://www.uvic.ca/calendar/undergrad/index.php#/courses/SJeN7r_aXE
GEOG328,GIS Analysis,computing,"keyword match: digital mapping, GIS",GEOG,Department of Geography,BkL7SOamV,5d1f67bd89944f24002acd13,https://www.uvic.ca/calendar/undergrad/index.php#/courses/BkL7SOamV
GEOG329,GIS Applications and Tools,computing,keyword match: GIS,GEOG,Department of Geography,S1DXr_TQ4,657cafe8367f266105fa6aa1,https://www.uvic.ca/calendar/undergrad/index.php#/courses/S1DXr_TQ4
GEOG339,Disaster Management and Community Resilience,prerequisite,,GEOG,Department of Geography,HyumH_aXE,68e02e7917a0436a2a659e20,https://www.uvic.ca/calendar/undergrad/index.php#/courses/HyumH_aXE
GEOG346,"Health, Environment and Community",prerequisite,,GEOG,Department of Geography,HyamSu6QE,5d1f6c9c94e82e2400a2332c,https://www.uvic.ca/calendar/undergrad/index.php#/courses/HyamSu6QE
GEOG353,Coastal and Marine Resource Management,prerequisite,,GEOG,Department of Geography,HkMNrdaQV,657cae8e7dd6e1cadb4b3ebb,https://www.uvic.ca/calendar/undergrad/index.php#/courses/HkMNrdaQV
GEOG358,Landscape Ecology,prerequisite,,GEOG,Department of Geography,ByrEBuTQE,5d1f674089944f24002acc9e,https://www.uvic.ca/calendar/undergrad/index.php#/courses/ByrEBuTQE
GEOG370,Methods in Hydrology,computing,keyword match: data analysis,GEOG,Department of Geography,H1cVBupmN,657a4023f8b722df70dbf7cb,https://www.uvic.ca/calendar/undergrad/index.php#/courses/H1cVBupmN
GEOG371,Water Resources Management,prerequisite,,GEOG,Department of Geography,Syj4Bd67N,66ec6b375e15786f0ae2219e,https://www.uvic.ca/calendar/undergrad/index.php#/courses/Syj4Bd67N
GEOG376,Process Geomorphology,prerequisite,,GEOG,Department of Geography,SypNB_a7V,657cb1092d647d752957f909,https://www.uvic.ca/calendar/undergrad/index.php#/courses/SypNB_a7V
GEOG418,Advanced Spatial Analysis and Geo-statistics,computing,"keyword match: data mining, numerical methods, simulation",GEOG,Department of Geography,SkxBHHupXN,5d1f73b189944f24002ad6c1,https://www.uvic.ca/calendar/undergrad/index.php#/courses/SkxBHHupXN
GEOG420,Field Studies in Coastal Geomatics,computing,"keyword match: GIS, remote sensing",GEOG,Department of Geography,r1ISrOamV,5d1f723089944f24002ad595,https://www.uvic.ca/calendar/undergrad/index.php#/courses/r1ISrOamV
GEOG422,Advanced Topics in Remote Sensing,computing,keyword match: remote sensing,GEOG,Department of Geography,BkvHSupmE,5d1f73b389944f24002ad6c5,https://www.uvic.ca/calendar/undergrad/index.php#/courses/BkvHSupmE
GEOG428,Advanced Topics in Geographic Information Sciences,computing,"keyword match: geographic information systems, visualization",GEOG,Department of Geography,r1KHB_67N,65a6de336f1ff2579b4c755a,https://www.uvic.ca/calendar/undergrad/index.php#/courses/r1KHB_67N
GEOG450,Environment and Sustainability in Practice,computing,keyword match: simulation,GEOG,Department of Geography,BylIrO6QE,66ec83e3f3c90657033d1310,https://www.uvic.ca/calendar/undergrad/index.php#/courses/BylIrO6QE
GEOG476,Advanced Topics in Geomorphology,computing,keyword match: data analysis,GEOG,Department of Geography,SkZvSupQV,657cb206367f2616ecfa6aba,https://www.uvic.ca/calendar/undergrad/index.php#/courses/SkZvSupQV
HINF130,Introduction to Health Information Technology,prerequisite,,HINF,School of Health Information Science,Hye_aPu6mE,67ffffe884f6076d6372eb34,https://www.uvic.ca/calendar/undergrad/index.php#/courses/Hye_aPu6mE
HINF140,Introduction to the Canadian Health Care System,prerequisite,,HINF,School of Health Information Science,rJtawdT74,67ffffe951f88b7d73dc2ad2,https://www.uvic.ca/calendar/undergrad/index.php#/courses/rJtawdT74
MATH100,Calculus I,prerequisite,,MATH,Department of Mathematics and Statistics,ByxQ12d6QE,63168b42bee727d381e640aa,https://www.uvic.ca/calendar/undergrad/index.php#/courses/ByxQ12d6QE
MATH101,Calculus II,prerequisite,,MATH,Department of Mathematics and Statistics,r1N1hda7E,5d1f72acd2bc1524008cb36a,https://www.uvic.ca/calendar/undergrad/index.php#/courses/r1N1hda7E
MATH102,Calculus for Students in the Social and Biological Sciences,prerequisite,,MATH,Department of Mathematics and Statistics,ByNynOT7V,651de9ca8d54b2de78bce62c,https://www.uvic.ca/calendar/undergrad/index.php#/courses/ByNynOT7V
MATH109,Introduction to Calculus,prerequisite,,MATH,Department of Mathematics and Statistics,B1eB12dam4,63168d043e376f0b1f621ffd,https://www.uvic.ca/calendar/undergrad/index.php#/courses/B1eB12dam4
MATH110,Matrix Algebra for Engineers,prerequisite,,MATH,Department of Mathematics and Statistics,SySy2dam4,5d1f67c789944f24002acd1e,https://www.uvic.ca/calendar/undergrad/index.php#/courses/SySy2dam4
MATH120,Precalculus Mathematics,prerequisite,,MATH,Department of Mathematics and Statistics,SkUk2uT7E,64dfdcc3020494a4aa686907,https://www.uvic.ca/calendar/undergrad/index.php#/courses/SkUk2uT7E
MATH122,Logic and Foundations,prerequisite,,MATH,Department of Mathematics and Statistics,HJe8yhOpX4,64e3abc2014df36772e506a5,https://www.uvic.ca/calendar/undergrad/index.php#/courses/HJe8yhOpX4
MATH151,Finite Mathematics,computing,keyword match: programming,MATH,Department of Mathematics and Statistics,SyOk3uTmN,5f2b422ad8086200271ffe25,https://www.uvic.ca/calendar/undergrad/index.php#/courses/SyOk3uTmN
MATH161,Mathematics for Elementary School Teachers I,computing,keyword match: numerical methods,MATH,Department of Mathematics and Statistics,Syq1hdpQV,6712ba8aed2d25c05f3697ea,https://www.uvic.ca/calendar/undergrad/index.php#/courses/Syq1hdpQV
MATH200,Calculus III,prerequisite,,MATH,Department of Mathematics and Statistics,rynJnOpQE,5d1f76e5d2bc1524008cb6b4,https://www.uvic.ca/calendar/undergrad/index.php#/courses/rynJnOpQE
MATH202,Intermediate Calculus for CSC and EOS,prerequisite,,MATH,Department of Mathematics and Statistics,Sk6kh_am4,5d1f6abafb68f3240022ce99,https://www.uvic.ca/calendar/undergrad/index.php#/courses/Sk6kh_am4
MATH204,Calculus IV,prerequisite,,MATH,Department of Mathematics and Statistics,r16khd6X4,5d1f71b694e82e2400a236df,https://www.uvic.ca/calendar/undergrad/index.php#/courses/r16khd6X4
MATH211,Matrix Algebra I,prerequisite,,MATH,Department of Mathematics and Statistics,HJ1lndpmN,63168fab578b6df3d6c07ace,https://www.uvic.ca/calendar/undergrad/index.php#/courses/HJ1lndpmN
MATH212,Introduction to Algebra,prerequisite,,MATH,Department of Mathematics and Statistics,S11lhuTmN,5d1f6f9a89944f24002ad394,https://www.uvic.ca/calendar/undergrad/index.php#/courses/S11lhuTmN
MATH222,Discrete and Combinatorial Mathematics,computing,keyword match: coding,MATH,Department of Mathematics and Statistics,Sye1xndp74,654c1b93795631ffc84e95d8,https://www.uvic.ca/calendar/undergrad/index.php#/courses/Sye1xndp74
MATH236,Introduction to Real Analysis,prerequisite,,MATH,Department of Mathematics and Statistics,Bkzx3OpmE,5d1f76e9fb68f3240022d7da,https://www.uvic.ca/calendar/undergrad/index.php#/courses/Bkzx3OpmE
MATH248,Computer Assisted Mathematics,computing,"keyword match: coding, computer-assisted work, data management, numerical methods, +3 more",MATH,Department of Mathematics and Statistics,HyVe3daQV,62ba27622434d348954acfef,https://www.uvic.ca/calendar/undergrad/index.php#/courses/HyVe3daQV
MATH301,Complex Variables,prerequisite,,MATH,Department of Mathematics and Statistics,HkLghO6mN,5d1f6e7889944f24002ad2b9,https://www.uvic.ca/calendar/undergrad/index.php#/courses/HkLghO6mN
MATH320,Graph Theory,prerequisite,,MATH,Department of Mathematics and Statistics,Byzg0dLdo,64dbdc67735083016e977348,https://www.uvic.ca/calendar/undergrad/index.php#/courses/Byzg0dLdo
MATH322,Combinatorial Structures and Enumeration,prerequisite,,MATH,Department of Mathematics and Statistics,Hkg_lnuTm4,63a0f7dc46e10966e1c7a850,https://www.uvic.ca/calendar/undergrad/index.php#/courses/Hkg_lnuTm4
MATH335,Real Analysis,prerequisite,,MATH,Department of Mathematics and Statistics,HkyWhO6XE,62ba34de751b05697e258b01,https://www.uvic.ca/calendar/undergrad/index.php#/courses/HkyWhO6XE
MATH346,Introduction to Partial Differential Equations,computing,keyword match: numerical methods,MATH,Department of Mathematics and Statistics,Hkfbhda7E,5d1f67c094e82e2400a22f85,https://www.uvic.ca/calendar/undergrad/index.php#/courses/Hkfbhda7E
MATH347,Introduction to Continuous Optimization,computing,"keyword match: optimization, software",MATH,Department of Mathematics and Statistics,rJl5JEpgi,66fc4f95d5fef9b3117cb8b7,https://www.uvic.ca/calendar/undergrad/index.php#/courses/rJl5JEpgi
MATH348,Numerical Methods,computing,"keyword match: numerical methods, optimization",MATH,Department of Mathematics and Statistics,B1xG-2_T7E,68436307ba1df5c4a522c421,https://www.uvic.ca/calendar/undergrad/index.php#/courses/B1xG-2_T7E
MATH367,Non-Euclidean Geometry,computing,keyword match: parallel computing,MATH,Department of Mathematics and Statistics,HkD-2Op7N,5d4b1175828b8d2400daa9e8,https://www.uvic.ca/calendar/undergrad/index.php#/courses/HkD-2Op7N
MATH377,Mathematical Modelling,computing,"keyword match: numerical methods, optimization",MATH,Department of Mathematics and Statistics,HkqWn_6mV,5e5981d53f906f2500809cf5,https://www.uvic.ca/calendar/undergrad/index.php#/courses/HkqWn_6mV
MATH413,Applied Algebra,computing,"keyword match: computer science, cryptography",MATH,Department of Mathematics and Statistics,BJ2Z2O67N,5d1f6d99d2bc1524008cafd0,https://www.uvic.ca/calendar/undergrad/index.php#/courses/BJ2Z2O67N
MATH424,Structural Graph Theory,computing,keyword match: optimization,MATH,Department of Mathematics and Statistics,HyV-YOPzH,5d39f8fb044162240030a579,https://www.uvic.ca/calendar/undergrad/index.php#/courses/HyV-YOPzH
MATH428,Discrete Optimization,computing,"keyword match: optimization, programming",MATH,Department of Mathematics and Statistics,rymgLKU_j,639905eb182e6d06d54c5653,https://www.uvic.ca/calendar/undergrad/index.php#/courses/rymgLKU_j
MATH449,Scientific Computing,computing,"keyword match: computing, numerical methods, optimization, scientific computing",MATH,Department of Mathematics and Statistics,SySG2O67N,5d1f76f9fb68f3240022d7e1,https://www.uvic.ca/calendar/undergrad/index.php#/courses/SySG2O67N
MATH492,Topics in Applied Mathematics,computing,keyword match: optimization,MATH,Department of Mathematics and Statistics,HkTz2dpXN,5d1f6bf0d2bc1524008caea6,https://www.uvic.ca/calendar/undergrad/index.php#/courses/HkTz2dpXN
MECH150,"3D Printing, Rapid Prototyping and Design",computing,"keyword match: computer-aided work, software",MECH,Department of Mechanical Engineering,HJKqpS6vV,63c83a3e62c8e17a7a66b37f,https://www.uvic.ca/calendar/undergrad/index.php#/courses/HJKqpS6vV
MECH200A,Introduction to Technical Drawing and Computer Aided Design,computing,"keyword match: computer-aided work, software",MECH,Department of Mechanical Engineering,HyIH2f02R,66e09c3dc58de543b0ce1104,https://www.uvic.ca/calendar/undergrad/index.php#/courses/HyIH2f02R
MECH200B,Introduction to Manufacturing Processes,prerequisite,,MECH,Department of Mechanical Engineering,HJRHCfAhA,66e09e4626f9a36711aea1a0,https://www.uvic.ca/calendar/undergrad/index.php#/courses/HJRHCfAhA
MECH220,Mechanics of Solids I,prerequisite,,MECH,Department of Mechanical Engineering,SJmv2O6X4,5d82648f184abe2400908765,https://www.uvic.ca/calendar/undergrad/index.php#/courses/SJmv2O6X4
MECH240,Thermodynamics,prerequisite,,MECH,Department of Mechanical Engineering,S1Xvn_p7E,65203334a9a76876d1e3a380,https://www.uvic.ca/calendar/undergrad/index.php#/courses/S1Xvn_p7E
MECH242,Dynamics,prerequisite,,MECH,Department of Mechanical Engineering,BJNvnOpXN,66aa888eee5b4b224bff47b5,https://www.uvic.ca/calendar/undergrad/index.php#/courses/BJNvnOpXN
MECH285,Properties of Engineering Materials,prerequisite,,MECH,Department of Mechanical Engineering,S1IPn_6mE,5cbdf6052a310a240068a5c6,https://www.uvic.ca/calendar/undergrad/index.php#/courses/S1IPn_6mE
MECH295,Engineering Fundamentals,prerequisite,,MECH,Department of Mechanical Engineering,B18v2Op7N,65b00bc5bce7bd927a9e7fc4,https://www.uvic.ca/calendar/undergrad/index.php#/courses/B18v2Op7N
MECH320,Mechanics of Solids II,computing,keyword match: finite element methods,MECH,Department of Mechanical Engineering,SJwDhuTQE,61b3e7f879d29d888939c7a6,https://www.uvic.ca/calendar/undergrad/index.php#/courses/SJwDhuTQE
MECH330,Introduction to Mechanical Vibrations,prerequisite,,MECH,Department of Mechanical Engineering,rybPwn_T7V,5cbdf60967a5c324003b0cbf,https://www.uvic.ca/calendar/undergrad/index.php#/courses/rybPwn_T7V
MECH335,Theory of Mechanisms,prerequisite,,MECH,Department of Mechanical Engineering,SJODn_6X4,5cbdf60a2a310a240068a5c8,https://www.uvic.ca/calendar/undergrad/index.php#/courses/SJODn_6X4
MECH342,Dynamics II,computing,keyword match: numerical methods,MECH,Department of Mechanical Engineering,B1wU4cLou,60c9144e497e1f049a59f517,https://www.uvic.ca/calendar/undergrad/index.php#/courses/B1wU4cLou
MECH345,Mechanics of Fluids,prerequisite,,MECH,Department of Mechanical Engineering,B1Kv3Op7E,66aa892d833f9333d83acab7,https://www.uvic.ca/calendar/undergrad/index.php#/courses/B1Kv3Op7E
MECH350,Engineering Design,prerequisite,,MECH,Department of Mechanical Engineering,SyeYD2_TQE,6847396d083f2e2d4af770fa,https://www.uvic.ca/calendar/undergrad/index.php#/courses/SyeYD2_TQE
MECH360,Design of Mechanical Elements,prerequisite,,MECH,Department of Mechanical Engineering,Hycw3O674,5f3d776ea5085600262c969b,https://www.uvic.ca/calendar/undergrad/index.php#/courses/Hycw3O674
MECH380,Automatic Control Engineering,prerequisite,,MECH,Department of Mechanical Engineering,r15vhOaQE,5cbdf60e04ce072400155fef,https://www.uvic.ca/calendar/undergrad/index.php#/courses/r15vhOaQE
MECH381,Control Systems II,computing,"keyword match: optimization, simulation",MECH,Department of Mechanical Engineering,S1h3Z98j_,60c911b3cbb5f07ddc018f1d,https://www.uvic.ca/calendar/undergrad/index.php#/courses/S1h3Z98j_
MECH392,Mechanics of Fluids II,computing,keyword match: numerical methods,MECH,Department of Mechanical Engineering,rJsPhOTXV,614d0a32211922d7c18be323,https://www.uvic.ca/calendar/undergrad/index.php#/courses/rJsPhOTXV
MECH395,Heat Transfer,prerequisite,,MECH,Department of Mechanical Engineering,SyiD3u6Q4,5cbdf6102a310a240068a6cf,https://www.uvic.ca/calendar/undergrad/index.php#/courses/SyiD3u6Q4
MECH400A,Capstone Design Proposal,prerequisite,,MECH,Department of Mechanical Engineering,B19HsnHso,63c83b41d47c1f0ebaa8039d,https://www.uvic.ca/calendar/undergrad/index.php#/courses/B19HsnHso
MECH400B,Capstone Design Project,computing,keyword match: software,MECH,Department of Mechanical Engineering,HJcPRhrsj,63c83e6388ee7128d123b2f5,https://www.uvic.ca/calendar/undergrad/index.php#/courses/HJcPRhrsj
MECH410,Computer-Aided Design and Engineering,computing,"keyword match: computer graphics, computer-aided work, data management, graphics, +2 more",MECH,Department of Mechanical Engineering,SJ2PnuTQE,679bed9a6640a2abe8b41733,https://www.uvic.ca/calendar/undergrad/index.php#/courses/SJ2PnuTQE
MECH420,Finite Element Applications,computing,"keyword match: finite element methods, numerical methods",MECH,Department of Mechanical Engineering,SyAv3d6X4,5cbdf61367a5c324003b0e14,https://www.uvic.ca/calendar/undergrad/index.php#/courses/SyAv3d6X4
MECH430,Robotics,computing,keyword match: robotics,MECH,Department of Mechanical Engineering,Hkld3O6X4,66aa8822e969bb7ba23b2006,https://www.uvic.ca/calendar/undergrad/index.php#/courses/Hkld3O6X4
MECH444,Wind Power Systems,computing,keyword match: simulation,MECH,Department of Mechanical Engineering,HklWd2Op74,61b3e8eb3fa96e55d4f7d0a4,https://www.uvic.ca/calendar/undergrad/index.php#/courses/HklWd2Op74
MECH446,Introduction to Ocean Engineering,computing,keyword match: simulation,MECH,Department of Mechanical Engineering,HyGd2u6X4,5cbdf61967a5c324003b0e1f,https://www.uvic.ca/calendar/undergrad/index.php#/courses/HyGd2u6X4
MECH448,Introduction to Musculoskeletal Biomechanics,computing,"keyword match: computational, computer-assisted work",MECH,Department of Mechanical Engineering,H1QSYyxvB,5e17ad916ffc55250007847e,https://www.uvic.ca/calendar/undergrad/index.php#/courses/H1QSYyxvB
MECH455,Instrumentation,prerequisite,,MECH,Department of Mechanical Engineering,rkxLO2u6XE,5cbdf6222a310a240068a6de,https://www.uvic.ca/calendar/undergrad/index.php#/courses/rkxLO2u6XE
MECH458,Mechatronics,computing,keyword match: programming,MECH,Department of Mechanical Engineering,S1IOhup7E,679a89c4e7ac7bb7aee6c456,https://www.uvic.ca/calendar/undergrad/index.php#/courses/S1IOhup7E
MECH459,Fundamentals of Hybrid Electric Vehicles,computing,"keyword match: optimization, simulation",MECH,Department of Mechanical Engineering,Skwu2dTmV,5f3d703d29dcfc0026fdadd8,https://www.uvic.ca/calendar/undergrad/index.php#/courses/Skwu2dTmV
MECH460,Computer-Aided Manufacturing,computing,"keyword match: computer-aided work, programming",MECH,Department of Mechanical Engineering,ByPdnd6m4,60c9105c6637466464558d80,https://www.uvic.ca/calendar/undergrad/index.php#/courses/ByPdnd6m4
MECH495,Computational Fluid Dynamics and Heat Transfer,computing,keyword match: computational,MECH,Department of Mechanical Engineering,ByyYnuT74,5d826f05a534d924002f046c,https://www.uvic.ca/calendar/undergrad/index.php#/courses/ByyYnuT74
MICR200A,Introductory Microbiology I,prerequisite,,MICR,Department of Biochemistry and Microbiology,Sk83huaXV,5d1f6bfb89944f24002ad0c9,https://www.uvic.ca/calendar/undergrad/index.php#/courses/Sk83huaXV
MICR200B,Introductory Microbiology II,prerequisite,,MICR,Department of Biochemistry and Microbiology,SkxI22u6X4,5d1f76d2fb68f3240022d7cd,https://www.uvic.ca/calendar/undergrad/index.php#/courses/SkxI22u6X4
MICR405,Biotechnology and Synthetic Biology,computing,keyword match: bioinformatics,MICR,Department of Biochemistry and Microbiology,rJ5hh_6XV,5d1f762189944f24002ad88f,https://www.uvic.ca/calendar/undergrad/index.php#/courses/rJ5hh_6XV
MRNE412,Biology of Marine Fishes,computing,keyword match: database,MRNE,Department of Biology,HJup3u6XE,5d1f752cd2bc1524008cb55a,https://www.uvic.ca/calendar/undergrad/index.php#/courses/HJup3u6XE
MRNE475,Applied Data Analysis in Marine Science,computing,"keyword match: computing, data analysis, statistical computing",MRNE,Department of Biology,SylR2dTXN,5e598a85e62c3f2500a5c102,https://www.uvic.ca/calendar/undergrad/index.php#/courses/SylR2dTXN
PHIL203,Elementary Formal Logic,prerequisite,,PHIL,Department of Philosophy,B1O4COa7N,5e61292670a30e250015a9b6,https://www.uvic.ca/calendar/undergrad/index.php#/courses/B1O4COa7N
PHYS102A,General Physics I,prerequisite,,PHYS,Department of Physics and Astronomy,rkEtC_pm4,5c4ffe7b4afbf82400f7adb2,https://www.uvic.ca/calendar/undergrad/index.php#/courses/rkEtC_pm4
PHYS102B,General Physics II,prerequisite,,PHYS,Department of Physics and Astronomy,BJVFCOp7N,649a10a781f76f47f32e6507,https://www.uvic.ca/calendar/undergrad/index.php#/courses/BJVFCOp7N
PHYS110,Introductory Physics I,prerequisite,,PHYS,Department of Physics and Astronomy,r1SYRd67V,63177170cdd330fd06504399,https://www.uvic.ca/calendar/undergrad/index.php#/courses/r1SYRd67V
PHYS111,Introductory Physics II,prerequisite,,PHYS,Department of Physics and Astronomy,S18Y0d6mE,5c4ffe7d1a3fd924005f028b,https://www.uvic.ca/calendar/undergrad/index.php#/courses/S18Y0d6mE
PHYS120,Physics I,prerequisite,,PHYS,Department of Physics and Astronomy,H1vtCd6QV,5c4ffe7e4afbf82400f7adb7,https://www.uvic.ca/calendar/undergrad/index.php#/courses/H1vtCd6QV
PHYS130,Physics II,prerequisite,,PHYS,Department of Physics and Astronomy,SJYtA_TXE,5c4ffe804afbf82400f7adba,https://www.uvic.ca/calendar/undergrad/index.php#/courses/SJYtA_TXE
PHYS210,Introductory Geophysics,prerequisite,,PHYS,Department of Physics and Astronomy,BJgttC_T7V,5ffc89cbeba94e0026736fe0,https://www.uvic.ca/calendar/undergrad/index.php#/courses/BJgttC_T7V
PHYS215,Introductory Quantum Physics,prerequisite,,PHYS,Department of Physics and Astronomy,Sy2t0O6m4,672e74702494ee5aaeb60ea6,https://www.uvic.ca/calendar/undergrad/index.php#/courses/Sy2t0O6m4
PHYS216,Introductory Electricity and Magnetism,prerequisite,,PHYS,Department of Physics and Astronomy,SJnKR_T74,672e72ab5d32637db2de8479,https://www.uvic.ca/calendar/undergrad/index.php#/courses/SJnKR_T74
PHYS248,Computer Assisted Physics,computing,"keyword match: coding, computer-assisted work, computing, data management, +2 more",PHYS,Department of Physics and Astronomy,HkRt0u67N,62fbe3a90a88d51c787648ba,https://www.uvic.ca/calendar/undergrad/index.php#/courses/HkRt0u67N
PHYS301,Introductory Mathematical Physics,computing,"keyword match: computational, data visualization, numerical methods, simulation, +1 more",PHYS,Department of Physics and Astronomy,BJPT3P-_N,5c93ecbe3f2a4b24006105b7,https://www.uvic.ca/calendar/undergrad/index.php#/courses/BJPT3P-_N
PHYS333,Introductory Quantum Computing,computing,keyword match: computing,PHYS,Department of Physics and Astronomy,BkPHh3J30,68bf449d5cfb108161b3fa94,https://www.uvic.ca/calendar/undergrad/index.php#/courses/BkPHh3J30
PHYS340,Atmospheric Physics,prerequisite,,PHYS,Department of Physics and Astronomy,BkUcCO674,667f257207ae3558c7fa3e8f,https://www.uvic.ca/calendar/undergrad/index.php#/courses/BkUcCO674
PHYS342,Computational Modeling and Analysis,computing,"keyword match: computational, data analysis, data visualization, numerical methods, +2 more",PHYS,Department of Physics and Astronomy,HkU9R_T74,5c4ffe8d36d45224006d1578,https://www.uvic.ca/calendar/undergrad/index.php#/courses/HkU9R_T74
PSYC100A,Introductory Psychology I,prerequisite,,PSYC,Department of Psychology,rJgvfkFT7V,5d1f6e55fb68f3240022d159,https://www.uvic.ca/calendar/undergrad/index.php#/courses/rJgvfkFT7V
PSYC100B,Introductory Psychology II,prerequisite,,PSYC,Department of Psychology,SkuMJt674,5d1f69a9fb68f3240022cdcf,https://www.uvic.ca/calendar/undergrad/index.php#/courses/SkuMJt674
PSYC201,Research Methods in Psychology,prerequisite,,PSYC,Department of Psychology,ByxKzJKpXV,6578a4b5a99db2e835f35d22,https://www.uvic.ca/calendar/undergrad/index.php#/courses/ByxKzJKpXV
PSYC300A,Statistical Methods in Psychology,prerequisite,,PSYC,Department of Psychology,B1yQkK6QE,5d8d839e015c5b2400a72992,https://www.uvic.ca/calendar/undergrad/index.php#/courses/B1yQkK6QE
SENG265,Software Development Methods,computing,SENG subject,SENG,Software Engineering,r1l00yY67E,5cbdf65404ce072400156009,https://www.uvic.ca/calendar/undergrad/index.php#/courses/r1l00yY67E
SENG275,Software Testing,computing,SENG subject,SENG,Software Engineering,H11yxFamE,5d3f7d1bc79bf72400540ef3,https://www.uvic.ca/calendar/undergrad/index.php#/courses/H11yxFamE
SENG310,Human Computer Interaction,computing,SENG subject,SENG,Software Engineering,Syel1gK6mV,5cbdf65656bbef2400c2f0e6,https://www.uvic.ca/calendar/undergrad/index.php#/courses/Syel1gK6mV
SENG321,Requirements Engineering,computing,SENG subject,SENG,Software Engineering,HJZ1xKTQN,61c616fe8e9da13c15f931f5,https://www.uvic.ca/calendar/undergrad/index.php#/courses/HJZ1xKTQN
SENG330,Object-Oriented Software Development,computing,SENG subject,SENG,Software Engineering,SJWkeFT7E,5cbdf65804ce07240015600e,https://www.uvic.ca/calendar/undergrad/index.php#/courses/SJWkeFT7E
SENG350,Software Architecture and Design,computing,SENG subject,SENG,Software Engineering,S1MJgKpX4,667c8730df5f947983cd59a1,https://www.uvic.ca/calendar/undergrad/index.php#/courses/S1MJgKpX4
SENG360,Security Engineering,computing,SENG subject,SENG,Software Engineering,SkMkeY6XV,667c886c0ba2905ec3205482,https://www.uvic.ca/calendar/undergrad/index.php#/courses/SkMkeY6XV
SENG371,Software Evolution,computing,SENG subject,SENG,Software Engineering,HJ7kgKTmV,5cbdf65a2a310a240068a734,https://www.uvic.ca/calendar/undergrad/index.php#/courses/HJ7kgKTmV
SENG401,Social and Professional Issues,computing,SENG subject,SENG,Software Engineering,HyeVkgYTmE,66eaf407fda6e05bbd768d06,https://www.uvic.ca/calendar/undergrad/index.php#/courses/HyeVkgYTmE
SENG404,Data Science for Software Engineering,computing,SENG subject,SENG,Software Engineering,SJN_6v3zn,643eed6cf934e32f7eacdeae,https://www.uvic.ca/calendar/undergrad/index.php#/courses/SJN_6v3zn
SENG411,Advanced Methods for Human Computer Interaction,computing,SENG subject,SENG,Software Engineering,r1xrkgFTX4,5f482df93dc5e400278c2515,https://www.uvic.ca/calendar/undergrad/index.php#/courses/r1xrkgFTX4
SENG421,Global Software Engineering,computing,SENG subject,SENG,Software Engineering,S1I1lKTXN,5e6150a17eb8e0250078b708,https://www.uvic.ca/calendar/undergrad/index.php#/courses/S1I1lKTXN
SENG426,Software Quality Engineering,computing,SENG subject,SENG,Software Engineering,S1xP1eFa7V,5d3f81c194ce2b2400f55cbd,https://www.uvic.ca/calendar/undergrad/index.php#/courses/S1xP1eFa7V
SENG435,Computer-Supported Cooperative Work,computing,SENG subject,SENG,Software Engineering,Hy_yxF6mV,6154c303852a7d3b2d661de8,https://www.uvic.ca/calendar/undergrad/index.php#/courses/Hy_yxF6mV
SENG440,Embedded Systems,computing,SENG subject,SENG,Software Engineering,HJ_ylKaQV,5cbdf6612a310a240068a739,https://www.uvic.ca/calendar/undergrad/index.php#/courses/HJ_ylKaQV
SENG457,Quantum Algorithms and Software Engineering,computing,SENG subject,SENG,Software Engineering,Sk8qUYfrn,6465068e0e3e498f1838cc75,https://www.uvic.ca/calendar/undergrad/index.php#/courses/Sk8qUYfrn
SENG460,Practice of Information Security and Privacy,computing,SENG subject,SENG,Software Engineering,Byqketp7V,62fa91b3e564a1a14443b84f,https://www.uvic.ca/calendar/undergrad/index.php#/courses/Byqketp7V
SENG468,Software System Scalability,computing,SENG subject,SENG,Software Engineering,HyhyeYT7E,6306953efe51a1e868b353ee,https://www.uvic.ca/calendar/undergrad/index.php#/courses/HyhyeYT7E
SENG474,Data Mining,computing,SENG subject,SENG,Software Engineering,S1aylKTX4,667c8c9b7f6c948ee783fcee,https://www.uvic.ca/calendar/undergrad/index.php#/courses/S1aylKTX4
SENG475,Advanced Programming Techniques for Robust Efficient Computing,computing,SENG subject,SENG,Software Engineering,Hkpylt674,639ca419b484654d88b9b81b,https://www.uvic.ca/calendar/undergrad/index.php#/courses/Hkpylt674
SENG477,Safety and Assurance,computing,SENG subject,SENG,Software Engineering,Hy6fwOhfh,643ef714d8bc2774c1418467,https://www.uvic.ca/calendar/undergrad/index.php#/courses/Hy6fwOhfh
SENG480A,Topics in Software Engineering,computing,SENG subject,SENG,Software Engineering,rkR1gFa7N,5e6151920c5f4b2500e5eb02,https://www.uvic.ca/calendar/undergrad/index.php#/courses/rkR1gFa7N
SENG480B,Topics in Software Engineering,computing,SENG subject,SENG,Software Engineering,H1gR1eFpXN,5e6154d00c5f4b2500e5eb30,https://www.uvic.ca/calendar/undergrad/index.php#/courses/H1gR1eFpXN
SENG480C,Topics in Software Engineering,computing,SENG subject,SENG,Software Engineering,HJkggt6m4,5e61550b00bfff250003d4bb,https://www.uvic.ca/calendar/undergrad/index.php#/courses/HJkggt6m4
SENG480D,Topics in Software Engineering,computing,SENG subject,SENG,Software Engineering,SJkleYaQN,5e61553d00bfff250003d4bf,https://www.uvic.ca/calendar/undergrad/index.php#/courses/SJkleYaQN
SENG490,Directed Studies,computing,SENG subject,SENG,Software Engineering,HykelFpmV,5cbdf66904ce07240015601d,https://www.uvic.ca/calendar/undergrad/index.php#/courses/HykelFpmV
SENG498,Honours Thesis,computing,SENG subject,SENG,Software Engineering,HyexlK6mN,663a97aa59fff1e7f039f8d9,https://www.uvic.ca/calendar/undergrad/index.php#/courses/HyexlK6mN
SENG499,Design Project II,computing,SENG subject,SENG,Software Engineering,SkelgYTXN,665759ee727e36708bac1734,https://www.uvic.ca/calendar/undergrad/index.php#/courses/SkelgYTXN
STAT123,Data Science,computing,"keyword match: computational, data science, data visualization, programming, +1 more",STAT,Department of Mathematics and Statistics,SyBAlY6mV,6578dcb29624a57b3582db5c,https://www.uvic.ca/calendar/undergrad/index.php#/courses/SyBAlY6mV
STAT252,Statistics for Business,computing,keyword match: software,STAT,Department of Mathematics and Statistics,BkLAlY6mE,5f2b40270d04170026ecad65,https://www.uvic.ca/calendar/undergrad/index.php#/courses/BkLAlY6mE
STAT254,Probability and Statistics for Engineers,prerequisite,,STAT,Department of Mathematics and Statistics,B1x8ClKamE,5d1f6895fb68f3240022ccec,https://www.uvic.ca/calendar/undergrad/index.php#/courses/B1x8ClKamE
STAT255,Statistics for Life Sciences I,prerequisite,,STAT,Department of Mathematics and Statistics,SkDAlYam4,5e615df5109f5025006793a7,https://www.uvic.ca/calendar/undergrad/index.php#/courses/SkDAlYam4
STAT256,Statistics for Life Sciences II,prerequisite,,STAT,Department of Mathematics and Statistics,HkgDAlF6XE,5e615e20109f5025006793aa,https://www.uvic.ca/calendar/undergrad/index.php#/courses/HkgDAlF6XE
STAT260,Introduction to Probability and Statistics I,prerequisite,,STAT,Department of Mathematics and Statistics,SyPCgtTQV,5e615e517eb8e0250078b7da,https://www.uvic.ca/calendar/undergrad/index.php#/courses/SyPCgtTQV
STAT261,Introduction to Probability and Statistics II,prerequisite,,STAT,Department of Mathematics and Statistics,r1uCgFTXN,5e615ea270a30e250015ad11,https://www.uvic.ca/calendar/undergrad/index.php#/courses/r1uCgFTXN
STAT321,Data Management and Presentation,computing,"keyword match: data management, database, programming, simulation",STAT,Department of Mathematics and Statistics,S16Syv-uE,5d1f67b6fb68f3240022cc59,https://www.uvic.ca/calendar/undergrad/index.php#/courses/S16Syv-uE
STAT350,Mathematical Statistics I,prerequisite,,STAT,Department of Mathematics and Statistics,rJedAgF6QN,5f514d74caee610026d3b11d,https://www.uvic.ca/calendar/undergrad/index.php#/courses/rJedAgF6QN
STAT353,Applied Regression Analysis,prerequisite,,STAT,Department of Mathematics and Statistics,rJYCgt6m4,5d1f6bb289944f24002ad088,https://www.uvic.ca/calendar/undergrad/index.php#/courses/rJYCgt6m4
STAT359,Data Analysis,computing,"keyword match: data analysis, software",STAT,Department of Mathematics and Statistics,rJiRltTQE,62ba2b452434d327524ad015,https://www.uvic.ca/calendar/undergrad/index.php#/courses/rJiRltTQE
STAT454,Topics in Applied Statistics,computing,"keyword match: bioinformatics, computing, data analysis, statistical computing",STAT,Department of Mathematics and Statistics,SJpRgFT7E,5d1f68ad94e82e2400a2303a,https://www.uvic.ca/calendar/undergrad/index.php#/courses/SJpRgFT7E
STAT464,Statistical Computing,computing,"keyword match: algorithms, computing, numerical methods, optimization, +2 more",STAT,Department of Mathematics and Statistics,SygyZYpmV,5d1f67b489944f24002acd09,https://www.uvic.ca/calendar/undergrad/index.php#/courses/SygyZYpmV
STAT465,Statistical Methods for Genomic Data,computing,keyword match: visualization,STAT,Department of Mathematics and Statistics,Byih-FpmV,5d1f67f089944f24002acd49,https://www.uvic.ca/calendar/undergrad/index.php#/courses/Byih-FpmV
STAT469,Machine Learning,computing,keyword match: machine learning,STAT,Department of Mathematics and Statistics,HyVzAXikF,610dae0c873283cb3fb857bc,https://www.uvic.ca/calendar/undergrad/index.php#/courses/HyVzAXikF
